Player,,,,,,,Playing Time,,,,Performance,,,,,,,,Expected,,,,Progression,,,Per 90 Minutes,,,,,,,,,,
Rk,Player,Nation,Pos,Squad,Age,Born,MP,Starts,Min,90s,Gls,Ast,G+A,G-PK,PK,PKatt,CrdY,CrdR,xG,npxG,xAG,npxG+xAG,PrgC,PrgP,PrgR,Gls,Ast,G+A,G-PK,G+A-PK,xG,xAG,xG+xAG,npxG,npxG+xAG,Matches
1,Thomas Strakosha,al ALB,GK,Brentford,28-212,1995,1,1,90,1,0,0,0,0,0,0,0,0,0,0,0,0,0,0,0,0,0,0,0,0,0,0,0,0,0,Matches
2,Armando Broja,al ALB,FW,Chelsea,22-037,2001,3,2,121,1.3,1,0,1,1,0,0,0,0,0.5,0.5,0,0.5,4,2,9,0.74,0,0.74,0.74,0.74,0.4,0,0.4,0.4,0.4,Matches
3,Alejo Véliz,ar ARG,"MF,FW",Tottenham,20-028,2003,2,0,2,0,0,0,0,0,0,0,1,0,0,0,0,0,0,0,0,0,0,0,0,0,0,0,0,0,0,Matches
4,Marcos Senesi,ar ARG,DF,Bournemouth,26-160,1997,7,5,437,4.9,0,1,1,0,0,0,1,0,0,0,0.2,0.2,9,22,0,0,0.21,0.21,0,0.21,0,0.04,0.04,0,0.04,Matches
5,Gonzalo Montiel,ar ARG,DF,Nott'ham Forest,26-289,1997,4,1,168,1.9,0,0,0,0,0,0,2,0,0.1,0.1,0.1,0.2,4,9,7,0,0,0,0,0,0.05,0.06,0.11,0.05,0.11,Matches
6,Lisandro Martínez,ar ARG,DF,Manchester Utd,25-272,1998,5,5,375,4.2,0,1,1,0,0,0,2,0,0,0,0.1,0.1,6,26,1,0,0.24,0.24,0,0.24,0,0.02,0.02,0,0.02,Matches
7,Emiliano Martínez,ar ARG,GK,Aston Villa,31-045,1992,7,7,630,7,0,0,0,0,0,0,2,0,0,0,0,0,0,0,0,0,0,0,0,0,0,0,0,0,0,Matches
8,Alexis Mac Allister,ar ARG,MF,Liverpool,24-297,1998,8,8,610,6.8,0,1,1,0,0,0,3,1,0.1,0.1,0.3,0.4,10,40,4,0,0.15,0.15,0,0.15,0.01,0.04,0.06,0.01,0.06,Matches
9,Giovani Lo Celso,ar ARG,MF,Tottenham,27-191,1996,1,0,17,0.2,0,0,0,0,0,0,0,0,0,0,0,0,2,3,2,0,0,0,0,0,0,0.16,0.16,0,0.16,Matches
10,Alejandro Garnacho,ar ARG,"FW,MF",Manchester Utd,19-108,2004,6,2,203,2.3,0,0,0,0,0,0,0,0,0.6,0.6,0.3,0.9,16,7,31,0,0,0,0,0,0.25,0.13,0.38,0.25,0.38,Matches
11,Enzo Fernández,ar ARG,MF,Chelsea,22-273,2001,8,8,686,7.6,0,0,0,0,0,1,3,0,2.2,1.4,1.1,2.5,22,83,21,0,0,0,0,0,0.29,0.14,0.43,0.18,0.32,Matches
12,Facundo Buonanotte,ar ARG,FW,Brighton,18-298,2004,1,1,45,0.5,0,0,0,0,0,0,0,0,0,0,0,0,0,0,2,0,0,0,0,0,0.07,0,0.07,0.07,0.07,Matches
13,Nicolás Domínguez,ar ARG,MF,Nott'ham Forest,25-111,1998,3,3,259,2.9,1,0,1,1,0,0,0,0,0.1,0.1,0,0.1,3,22,11,0.35,0,0.35,0.35,0.35,0.04,0,0.04,0.04,0.04,Matches
14,Cristian Romero,ar ARG,DF,Tottenham,25-173,1998,8,8,643,7.1,2,0,2,2,0,0,2,0,0.9,0.9,0.1,1,8,40,2,0.28,0,0.28,0.28,0.28,0.13,0.02,0.14,0.13,0.14,Matches
15,Julián Álvarez,ar ARG,"MF,FW",Manchester City,23-259,2000,8,8,662,7.4,3,3,6,3,0,0,2,0,2.6,2.6,1.1,3.7,16,25,44,0.41,0.41,0.82,0.41,0.82,0.36,0.15,0.51,0.36,0.51,Matches
16,Sasa Kalajdzic,at AUT,FW,Wolves,26-102,1997,4,0,34,0.4,1,0,1,1,0,0,0,0,0.4,0.4,0.7,1.1,0,2,1,2.65,0,2.65,2.65,2.65,1.19,1.82,3.01,1.19,3.01,Matches
17,Anel Ahmedhodžić,ba BIH,DF,Sheffield Utd,24-205,1999,8,8,720,8,0,0,0,0,0,0,3,0,0.9,0.9,0,0.9,3,11,10,0,0,0,0,0,0.11,0,0.11,0.11,0.11,Matches
18,Mike Trésor,be BEL,FW,Burnley,24-142,1999,3,1,146,1.6,0,0,0,0,0,0,0,0,0.3,0.3,0.1,0.5,5,4,10,0,0,0,0,0,0.22,0.08,0.3,0.22,0.3,Matches
19,Youri Tielemans,be BEL,"MF,FW",Aston Villa,26-163,1997,8,0,150,1.7,0,0,0,0,0,0,0,0,0.1,0.1,0.1,0.2,4,14,5,0,0,0,0,0,0.05,0.05,0.09,0.05,0.09,Matches
20,Albert Sambi Lokonga,be BEL,MF,Luton Town,23-360,1999,2,2,129,1.4,0,0,0,0,0,0,0,0,0.1,0.1,0.1,0.1,0,4,2,0,0,0,0,0,0.04,0.04,0.08,0.04,0.08,Matches
21,Divock Origi,be BEL,"FW,MF",Nott'ham Forest,28-182,1995,4,0,62,0.7,0,0,0,0,0,0,1,0,0.1,0.1,0.2,0.3,1,0,2,0,0,0,0,0,0.09,0.33,0.42,0.09,0.42,Matches
22,Amadou Onana,be BEL,MF,Everton,22-062,2001,8,8,706,7.8,0,0,0,0,0,0,0,0,1,1,2.2,3.2,7,43,23,0,0,0,0,0,0.13,0.28,0.41,0.13,0.41,Matches
23,Benson Manuel,be BEL,"MF,FW",Burnley,26-203,1997,3,1,67,0.7,0,0,0,0,0,0,0,0,0,0,0,0,2,0,9,0,0,0,0,0,0.03,0,0.03,0.03,0.03,Matches
24,Orel Mangala,be BEL,MF,Nott'ham Forest,25-213,1998,7,7,560,6.2,0,0,0,0,0,0,3,0,0.3,0.3,0.1,0.3,1,13,4,0,0,0,0,0,0.04,0.01,0.05,0.04,0.05,Matches
25,Thomas Kaminski,be BEL,GK,Luton Town,30-359,1992,8,8,720,8,0,0,0,0,0,0,1,0,0,0,0,0,0,0,0,0,0,0,0,0,0,0,0,0,0,Matches
26,Leander Dendoncker,be BEL,"MF,FW",Aston Villa,28-185,1995,2,0,2,0,0,0,0,0,0,0,0,0,0,0,0,0,0,0,0,0,0,0,0,0,0,0,0,0,0,Matches
27,Hannes Delcroix,be BEL,DF,Burnley,24-231,1999,5,2,230,2.6,0,0,0,0,0,0,1,0,0.4,0.4,0.1,0.5,1,6,0,0,0,0,0,0,0.14,0.06,0.19,0.14,0.19,Matches
28,Kevin De Bruyne,be BEL,MF,Manchester City,32-111,1991,1,1,22,0.2,0,0,0,0,0,0,0,0,0,0,0.2,0.2,0,1,3,0,0,0,0,0,0.08,0.83,0.91,0.08,0.91,Matches
29,Ameen Al-Dakhil,be BEL,DF,Burnley,21-225,2002,8,8,675,7.5,0,0,0,0,0,0,0,0,0.2,0.2,0.1,0.3,5,27,2,0,0,0,0,0,0.02,0.02,0.04,0.02,0.04,Matches
30,Timothy Castagne,be BEL,DF,Fulham,27-316,1995,5,4,378,4.2,0,0,0,0,0,0,1,0,0.2,0.2,0.2,0.4,16,22,28,0,0,0,0,0,0.04,0.05,0.09,0.04,0.09,Matches
31,Leandro Trossard,be BEL,FW,Arsenal,28-317,1994,4,2,174,1.9,1,0,1,1,0,0,0,0,0.1,0.1,0.9,0.9,3,9,12,0.52,0,0.52,0.52,0.52,0.05,0.45,0.49,0.05,0.49,Matches
32,Jeremy Doku,be BEL,FW,Manchester City,21-143,2002,5,4,327,3.6,1,0,1,1,0,0,1,0,0.3,0.3,1.1,1.3,35,8,53,0.28,0,0.28,0.28,0.28,0.07,0.29,0.36,0.07,0.36,Matches
33,Bertrand Traoré,bf BFA,DF,Aston Villa,28-041,1995,1,0,10,0.1,0,0,0,0,0,0,0,0,0,0,0,0,0,0,0,0,0,0,0,0,0,0,0,0,0,Matches
34,Dango Ouattara,bf BFA,FW,Bournemouth,21-248,2002,4,2,178,2,0,0,0,0,0,0,0,0,0.4,0.4,0.1,0.5,4,2,15,0,0,0,0,0,0.19,0.05,0.24,0.19,0.24,Matches
35,Issa Kaboré,bf BFA,"DF,MF",Luton Town,22-158,2001,7,6,477,5.3,0,0,0,0,0,0,2,0,0.1,0.1,1,1.1,18,15,19,0,0,0,0,0,0.02,0.19,0.21,0.02,0.21,Matches
36,Vitinho,br BRA,DF,Burnley,24-086,1999,3,2,153,1.7,0,0,0,0,0,0,0,0,0,0,0.1,0.1,6,3,3,0,0,0,0,0,0.01,0.05,0.05,0.01,0.05,Matches
37,Vinicius Souza,br BRA,MF,Sheffield Utd,24-122,1999,8,7,608,6.8,0,0,0,0,0,0,1,0,0.2,0.2,0,0.2,3,22,8,0,0,0,0,0,0.02,0.01,0.03,0.02,0.03,Matches
38,Thiago Silva,br BRA,DF,Chelsea,39-025,1984,8,8,720,8,0,0,0,0,0,0,1,0,0.1,0.1,0.3,0.4,1,31,1,0,0,0,0,0,0.01,0.04,0.05,0.01,0.05,Matches
39,Neto,br BRA,GK,Bournemouth,34-090,1989,8,8,720,8,0,0,0,0,0,0,3,0,0,0,0,0,0,0,0,0,0,0,0,0,0,0,0,0,0,Matches
40,Murillo,br BRA,DF,Nott'ham Forest,21-105,2002,2,2,180,2,0,0,0,0,0,0,0,0,0.5,0.5,0.1,0.6,2,7,0,0,0,0,0,0,0.24,0.07,0.31,0.24,0.31,Matches
41,Rodrigo Muniz,br BRA,FW,Fulham,22-166,2001,3,0,28,0.3,0,0,0,0,0,0,0,0,0.2,0.2,0,0.2,0,1,1,0,0,0,0,0,0.59,0.13,0.71,0.59,0.71,Matches
42,Joelinton,br BRA,MF,Newcastle Utd,27-064,1996,5,4,288,3.2,0,0,0,0,0,0,1,0,0.3,0.3,0.3,0.7,5,9,10,0,0,0,0,0,0.11,0.1,0.2,0.11,0.2,Matches
43,Igor,br BRA,DF,Brighton,25-252,1998,1,1,62,0.7,0,0,0,0,0,0,0,0,0,0,0.2,0.2,0,3,0,0,0,0,0,0,0,0.31,0.31,0,0.31,Matches
44,João Gomes,br BRA,MF,Wolves,22-247,2001,8,8,625,6.9,0,0,0,0,0,0,3,0,0.2,0.2,0.3,0.4,4,18,5,0,0,0,0,0,0.02,0.04,0.06,0.02,0.06,Matches
45,Ederson,br BRA,GK,Manchester City,30-061,1993,8,8,720,8,0,0,0,0,0,0,2,0,0,0,0.1,0.1,0,1,0,0,0,0,0,0,0,0.01,0.01,0,0.01,Matches
46,Gabriel Dos Santos,br BRA,DF,Arsenal,25-302,1997,7,5,476,5.3,0,0,0,0,0,0,1,0,0.1,0.1,0,0.1,1,17,2,0,0,0,0,0,0.01,0,0.01,0.01,0.01,Matches
47,Danilo,br BRA,"MF,FW",Nott'ham Forest,22-171,2001,4,4,283,3.1,0,0,0,0,0,0,0,0,0.2,0.2,0.1,0.2,3,7,7,0,0,0,0,0,0.05,0.02,0.07,0.05,0.07,Matches
48,Philippe Coutinho,br BRA,"MF,FW",Aston Villa,31-127,1992,2,0,25,0.3,0,0,0,0,0,0,0,0,0.1,0.1,0,0.1,5,5,2,0,0,0,0,0,0.52,0,0.52,0.52,0.52,Matches
49,Diego Carlos,br BRA,DF,Aston Villa,30-216,1993,5,3,252,2.8,0,0,0,0,0,0,0,0,0.4,0.4,0,0.4,0,9,0,0,0,0,0,0,0.13,0,0.13,0.13,0.13,Matches
50,Antony,br BRA,"FW,MF",Manchester Utd,23-235,2000,5,4,336,3.7,0,0,0,0,0,0,1,0,0.7,0.7,0.8,1.5,18,18,52,0,0,0,0,0,0.19,0.22,0.41,0.19,0.41,Matches
51,Alisson,br BRA,GK,Liverpool,31-015,1992,8,8,720,8,0,0,0,0,0,0,1,0,0,0,0,0,0,0,0,0,0,0,0,0,0,0,0,0,0,Matches
52,Willian,br BRA,FW,Fulham,35-069,1988,7,5,445,4.9,1,0,1,1,0,0,1,0,0.9,0.9,0.3,1.2,23,31,44,0.2,0,0.2,0.2,0.2,0.19,0.06,0.25,0.19,0.25,Matches
53,Carlos Vinícius,br BRA,FW,Fulham,28-206,1995,4,1,156,1.7,1,0,1,1,0,0,0,0,0.6,0.6,0.5,1.1,2,2,8,0.58,0,0.58,0.58,0.58,0.34,0.32,0.66,0.34,0.66,Matches
54,Richarlison,br BRA,FW,Tottenham,26-160,1997,8,5,395,4.4,1,2,3,1,0,0,2,0,2.5,2.5,0.8,3.4,7,12,37,0.23,0.46,0.68,0.23,0.68,0.58,0.19,0.77,0.58,0.77,Matches
55,Andreas Pereira,br BRA,MF,Fulham,27-289,1996,8,7,550,6.1,1,1,2,1,0,0,2,0,0.5,0.5,1.1,1.6,8,17,25,0.16,0.16,0.33,0.16,0.33,0.09,0.18,0.27,0.09,0.27,Matches
56,Lucas Paquetá,br BRA,"MF,FW",West Ham,26-051,1997,8,8,707,7.9,1,1,2,0,1,1,4,0,1.4,0.7,1.4,2.1,8,48,20,0.13,0.13,0.25,0,0.13,0.18,0.18,0.37,0.08,0.27,Matches
57,Gabriel Martinelli,br BRA,FW,Arsenal,22-121,2001,6,5,401,4.5,1,2,3,1,0,0,0,0,0.8,0.8,0.4,1.1,18,15,56,0.22,0.45,0.67,0.22,0.67,0.17,0.08,0.25,0.17,0.25,Matches
58,Gabriel Jesus,br BRA,FW,Arsenal,26-197,1997,6,3,297,3.3,1,0,1,1,0,0,2,0,1.5,1.5,0.2,1.7,10,10,24,0.3,0,0.3,0.3,0.3,0.45,0.06,0.51,0.45,0.51,Matches
59,Bruno Guimarães,br BRA,MF,Newcastle Utd,25-335,1997,8,8,704,7.8,1,1,2,1,0,0,4,0,0.8,0.8,1.1,1.9,12,55,10,0.13,0.13,0.26,0.13,0.26,0.1,0.14,0.24,0.1,0.24,Matches
60,Emerson,br BRA,DF,Tottenham,24-276,1999,5,1,114,1.3,1,0,1,1,0,0,0,0,0,0,0,0,9,9,3,0.79,0,0.79,0.79,0.79,0.03,0,0.03,0.03,0.03,Matches
61,Matheus Cunha,br BRA,FW,Wolves,24-143,1999,8,8,630,7,1,1,2,1,0,0,0,0,2,2,1,3,20,12,21,0.14,0.14,0.29,0.14,0.29,0.28,0.15,0.42,0.28,0.42,Matches
62,Casemiro,br BRA,MF,Manchester Utd,31-236,1992,8,8,648,7.2,1,0,1,1,0,0,1,0,1.8,1.8,0.3,2.1,8,55,24,0.14,0,0.14,0.14,0.14,0.25,0.04,0.29,0.25,0.29,Matches
63,João Pedro,br BRA,"MF,FW",Brighton,22-021,2001,8,3,416,4.6,2,1,3,1,1,1,1,0,2.6,1.8,1.3,3.1,17,17,38,0.43,0.22,0.65,0.22,0.43,0.56,0.28,0.83,0.39,0.66,Matches
64,Douglas Luiz,br BRA,MF,Aston Villa,25-161,1998,8,8,669,7.4,3,0,3,1,2,2,4,0,2.3,0.7,0.5,1.3,13,46,19,0.4,0,0.4,0.13,0.13,0.31,0.07,0.38,0.1,0.17,Matches
65,Pelly Ruddock Mpanzu,cd COD,MF,Luton Town,30-092,1993,8,4,418,4.6,0,0,0,0,0,0,0,0,0.5,0.5,0.4,0.8,4,22,7,0,0,0,0,0,0.1,0.08,0.18,0.1,0.18,Matches
66,Yoane Wissa,cd COD,FW,Brentford,27-044,1996,8,8,668,7.4,2,1,3,2,0,0,1,0,3.2,3.2,0.5,3.6,13,8,36,0.27,0.13,0.4,0.27,0.4,0.42,0.06,0.49,0.42,0.49,Matches
67,Fabian Schär,ch SUI,DF,Newcastle Utd,31-301,1991,8,8,720,8,0,0,0,0,0,0,1,0,0.5,0.5,0,0.5,1,23,2,0,0,0,0,0,0.06,0,0.06,0.06,0.06,Matches
68,Manuel Akanji,ch SUI,DF,Manchester City,28-090,1995,6,6,540,6,0,0,0,0,0,0,1,0,0.1,0.1,0.1,0.2,10,26,6,0,0,0,0,0,0.02,0.02,0.04,0.02,0.04,Matches
69,Zeki Amdouni,ch SUI,"FW,MF",Burnley,22-317,2000,7,7,463,5.1,1,0,1,1,0,0,1,0,1.4,1.4,0.3,1.7,10,10,14,0.19,0,0.19,0.19,0.19,0.27,0.06,0.32,0.27,0.32,Matches
70,Ibrahim Sangaré,ci CIV,MF,Nott'ham Forest,25-319,1997,4,4,296,3.3,0,0,0,0,0,0,2,0,0.1,0.1,0.1,0.2,2,9,2,0,0,0,0,0,0.03,0.02,0.05,0.03,0.05,Matches
71,Hamed Junior Traorè,ci CIV,MF,Bournemouth,23-243,2000,3,0,47,0.5,0,0,0,0,0,0,0,0,0.2,0.2,0,0.2,2,3,4,0,0,0,0,0,0.34,0.07,0.41,0.34,0.41,Matches
72,Maxwel Cornet,ci CIV,MF,West Ham,27-020,1996,1,0,1,0,0,0,0,0,0,0,0,0,0,0,0,0,0,0,0,0,0,0,0,0,0,0,0,0,0,Matches
73,Serge Aurier,ci CIV,"DF,MF",Nott'ham Forest,30-297,1992,7,7,531,5.9,0,2,2,0,0,0,2,0,0,0,0.4,0.5,7,26,19,0,0.34,0.34,0,0.34,0.01,0.07,0.08,0.01,0.08,Matches
74,Bénie Adama Traore,ci CIV,"FW,MF",Sheffield Utd,20-321,2002,5,3,318,3.5,0,0,0,0,0,0,0,0,0.3,0.3,0.5,0.7,7,9,13,0,0,0,0,0,0.08,0.13,0.2,0.08,0.2,Matches
75,Willy Boly,ci CIV,DF,Nott'ham Forest,32-256,1991,7,7,608,6.8,1,0,1,1,0,0,1,0,1,1,0.8,1.8,2,13,1,0.15,0,0.15,0.15,0.15,0.15,0.11,0.27,0.15,0.27,Matches
76,Simon Adingra,ci CIV,"FW,MF",Brighton,21-289,2002,7,3,327,3.6,2,1,3,2,0,0,0,0,0.7,0.7,1.2,1.9,10,2,24,0.55,0.28,0.83,0.55,0.83,0.2,0.32,0.53,0.2,0.53,Matches
77,André Onana,cm CMR,GK,Manchester Utd,27-198,1996,8,8,720,8,0,0,0,0,0,0,2,0,0,0,0,0,1,1,0,0,0,0,0,0,0,0,0,0,0,Matches
78,Joël Matip,cm CMR,DF,Liverpool,32-070,1991,6,6,508,5.6,0,0,0,0,0,0,0,0,0.4,0.4,0,0.5,5,24,0,0,0,0,0,0,0.08,0.01,0.08,0.08,0.08,Matches
79,Carlos Baleba,cm CMR,MF,Brighton,19-287,2004,3,1,112,1.2,0,0,0,0,0,0,1,0,0.1,0.1,0,0.1,0,3,0,0,0,0,0,0,0.08,0,0.08,0.08,0.08,Matches
80,Bryan Mbeumo,cm CMR,"FW,DF",Brentford,24-071,1999,8,8,720,8,4,0,4,2,2,2,1,0,4.7,3.1,1.2,4.3,23,30,69,0.5,0,0.5,0.25,0.25,0.59,0.15,0.73,0.39,0.54,Matches
81,Luis Sinisterra,co COL,"FW,MF",Bournemouth,24-122,1999,3,0,84,0.9,0,0,0,0,0,0,0,0,0,0,0.3,0.3,4,5,8,0,0,0,0,0,0,0.27,0.27,0,0.27,Matches
82,Davinson Sánchez,co COL,DF,Tottenham,27-127,1996,1,0,77,0.9,0,0,0,0,0,0,1,0,0.1,0.1,0,0.1,0,2,0,0,0,0,0,0,0.14,0,0.14,0.14,0.14,Matches
83,Jefferson Lerma,co COL,MF,Crystal Palace,28-357,1994,4,4,360,4,0,0,0,0,0,0,0,0,0.2,0.2,0.6,0.8,4,13,9,0,0,0,0,0,0.04,0.16,0.2,0.04,0.2,Matches
84,Jhon Durán,co COL,"FW,MF",Aston Villa,19-308,2003,6,0,73,0.8,2,0,2,2,0,0,2,0,0.7,0.7,0,0.7,4,2,4,2.47,0,2.47,2.47,2.47,0.9,0.02,0.91,0.9,0.91,Matches
85,Luis Díaz,co COL,"FW,MF",Liverpool,26-277,1997,8,7,544,6,2,0,2,2,0,0,0,0,2.4,2.4,0.7,3.1,20,15,51,0.33,0,0.33,0.33,0.33,0.4,0.11,0.51,0.4,0.51,Matches
86,Vladimír Coufal,cz CZE,DF,West Ham,31-056,1992,8,8,716,8,0,4,4,0,0,0,0,0,0,0,1.1,1.1,22,27,20,0,0.5,0.5,0,0.5,0,0.14,0.14,0,0.14,Matches
87,Tomáš Souček,cz CZE,MF,West Ham,28-232,1995,7,7,542,6,2,1,3,2,0,0,1,0,2.5,2.5,0.6,3.1,3,13,5,0.33,0.17,0.5,0.33,0.5,0.41,0.1,0.52,0.41,0.52,Matches
88,Bernd Leno,de GER,GK,Fulham,31-227,1992,8,8,720,8,0,0,0,0,0,0,0,0,0,0,0,0,0,0,0,0,0,0,0,0,0,0,0,0,0,Matches
89,Thilo Kehrer,de GER,"DF,MF",West Ham,27-026,1996,3,0,21,0.2,0,0,0,0,0,0,1,0,0,0,0,0,0,0,1,0,0,0,0,0,0,0,0,0,0,Matches
90,Vitaly Janelt,de GER,MF,Brentford,25-160,1998,8,8,628,7,0,1,1,0,0,0,1,0,0.3,0.3,0.6,0.9,1,28,21,0,0.14,0.14,0,0.14,0.04,0.08,0.13,0.04,0.13,Matches
91,Mahmoud Dahoud,de GER,MF,Brighton,27-289,1996,5,3,246,2.7,0,1,1,0,0,0,1,0,0.1,0.1,0.4,0.4,0,7,2,0,0.37,0.37,0,0.37,0.03,0.14,0.16,0.03,0.16,Matches
92,Jordan Beyer,de GER,DF,Burnley,23-151,2000,6,6,502,5.6,0,0,0,0,0,0,3,0,0,0,0,0,4,5,0,0,0,0,0,0,0,0,0,0,0,Matches
93,Kevin Schade,de GER,"FW,MF",Brentford,21-324,2001,5,3,257,2.9,1,0,1,1,0,0,0,0,0.7,0.7,0.4,1.1,3,9,18,0.35,0,0.35,0.35,0.35,0.25,0.15,0.4,0.25,0.4,Matches
94,Kai Havertz,de GER,"MF,FW",Arsenal,24-128,1999,8,5,463,5.1,1,1,2,0,1,1,3,0,1.6,0.8,0.7,1.5,8,21,26,0.19,0.19,0.39,0,0.19,0.31,0.13,0.44,0.16,0.28,Matches
95,Pascal Groß,de GER,MF,Brighton,32-124,1991,6,6,528,5.9,2,0,2,2,0,0,1,0,1.1,1.1,1.1,2.2,10,52,28,0.34,0,0.34,0.34,0.34,0.18,0.19,0.37,0.18,0.37,Matches
96,Mads Roerslev,dk DEN,DF,Brentford,24-115,1999,6,2,233,2.6,0,0,0,0,0,0,0,0,0,0,0.2,0.3,7,8,14,0,0,0,0,0,0.01,0.09,0.1,0.01,0.1,Matches
97,William Osula,dk DEN,FW,Sheffield Utd,20-074,2003,3,3,233,2.6,0,0,0,0,0,0,2,0,0.3,0.3,0,0.3,2,0,9,0,0,0,0,0,0.11,0,0.11,0.11,0.11,Matches
98,Mathias Jørgensen,dk DEN,DF,Brentford,33-177,1990,1,0,7,0.1,0,0,0,0,0,0,0,0,0,0,0.3,0.3,0,1,1,0,0,0,0,0,0,4.48,4.48,0,4.48,Matches
99,Rasmus Højlund,dk DEN,FW,Manchester Utd,20-255,2003,5,4,357,4,0,0,0,0,0,0,0,0,0.9,0.9,0.1,1,5,5,29,0,0,0,0,0,0.23,0.03,0.26,0.23,0.26,Matches
100,Pierre Højbjerg,dk DEN,MF,Tottenham,28-073,1995,7,0,129,1.4,0,0,0,0,0,0,2,0,0.1,0.1,0,0.1,0,10,4,0,0,0,0,0,0.04,0,0.04,0.04,0.04,Matches
101,Mikkel Damsgaard,dk DEN,"MF,FW",Brentford,23-106,2000,2,0,54,0.6,0,0,0,0,0,0,0,0,0.1,0.1,0,0.1,0,4,0,0,0,0,0,0,0.12,0,0.12,0.12,0.12,Matches
102,Philip Billing,dk DEN,MF,Bournemouth,27-128,1996,8,8,690,7.7,0,0,0,0,0,0,0,0,1.4,1.4,0.6,2,11,24,15,0,0,0,0,0,0.18,0.08,0.26,0.18,0.26,Matches
103,Christian Nørgaard,dk DEN,MF,Brentford,29-221,1994,8,8,670,7.4,1,1,2,1,0,0,2,0,1.3,1.3,0.4,1.7,0,47,14,0.13,0.13,0.27,0.13,0.27,0.18,0.06,0.23,0.18,0.23,Matches
104,Mads Juel Andersen,dk DEN,DF,Luton Town,25-294,1997,6,4,372,4.1,1,0,1,1,0,0,1,0,0.3,0.3,0,0.3,0,7,1,0.24,0,0.24,0.24,0.24,0.06,0,0.06,0.06,0.06,Matches
105,Christian Eriksen,dk DEN,MF,Manchester Utd,31-245,1992,7,3,377,4.2,1,1,2,1,0,0,0,0,0.4,0.4,0.4,0.8,8,23,14,0.24,0.24,0.48,0.24,0.48,0.09,0.1,0.18,0.09,0.18,Matches
106,Jacob Bruun Larsen,dk DEN,"FW,MF",Burnley,25-028,1998,7,0,142,1.6,1,0,1,1,0,0,0,0,0.5,0.5,0.1,0.6,10,3,17,0.63,0,0.63,0.63,0.63,0.28,0.07,0.35,0.28,0.35,Matches
107,Joachim Andersen,dk DEN,DF,Crystal Palace,27-139,1996,8,8,720,8,2,0,2,2,0,0,0,0,0.6,0.6,1.2,1.8,8,55,4,0.25,0,0.25,0.25,0.25,0.08,0.15,0.23,0.08,0.23,Matches
108,Mathias Jensen,dk DEN,MF,Brentford,27-289,1996,8,8,618,6.9,3,1,4,3,0,0,1,0,0.3,0.3,1.2,1.5,4,32,24,0.44,0.15,0.58,0.44,0.58,0.05,0.18,0.22,0.05,0.22,Matches
109,Yasser Larouci,dz ALG,DF,Sheffield Utd,22-289,2001,5,1,222,2.5,0,0,0,0,0,0,0,0,0.2,0.2,0,0.2,8,5,3,0,0,0,0,0,0.07,0,0.07,0.07,0.07,Matches
110,Saïd Benrahma,dz ALG,"FW,MF",West Ham,28-068,1995,7,3,339,3.8,0,1,1,0,0,0,0,0,0.5,0.5,0.9,1.3,19,17,43,0,0.27,0.27,0,0.27,0.13,0.23,0.35,0.13,0.35,Matches
111,Rayan Aït Nouri,dz ALG,"DF,MF",Wolves,22-133,2001,8,7,514,5.7,0,0,0,0,0,0,2,0,0.5,0.5,0.1,0.6,9,26,19,0,0,0,0,0,0.09,0.02,0.1,0.09,0.1,Matches
112,Moisés Caicedo,ec ECU,MF,Chelsea,21-349,2001,6,5,453,5,0,0,0,0,0,0,1,0,0.1,0.1,0.2,0.3,4,27,4,0,0,0,0,0,0.03,0.04,0.06,0.03,0.06,Matches
113,Pervis Estupiñán,ec ECU,DF,Brighton,25-269,1998,6,6,495,5.5,1,3,4,1,0,0,2,0,0.9,0.9,2.8,3.6,22,41,36,0.18,0.55,0.73,0.18,0.73,0.16,0.5,0.66,0.16,0.66,Matches
114,Mohamed Salah,eg EGY,FW,Liverpool,31-124,1992,8,8,683,7.6,5,4,9,3,2,3,1,0,5.2,2.7,4.2,6.9,25,30,64,0.66,0.53,1.19,0.4,0.92,0.69,0.56,1.24,0.35,0.91,Matches
115,Ashley Young,eng ENG,DF,Everton,38-100,1985,8,8,703,7.8,0,0,0,0,0,0,3,0,0.1,0.1,0.5,0.6,15,31,10,0,0,0,0,0,0.02,0.06,0.08,0.02,0.08,Matches
116,Ryan Yates,eng ENG,MF,Nott'ham Forest,25-330,1997,6,3,327,3.6,0,0,0,0,0,0,2,0,0,0,0,0,4,8,4,0,0,0,0,0,0,0,0,0,0,Matches
117,Joe Worrall,eng ENG,DF,Nott'ham Forest,26-280,1997,5,5,425,4.7,0,0,0,0,0,0,0,1,0.1,0.1,0.2,0.3,0,8,1,0,0,0,0,0,0.02,0.04,0.07,0.02,0.07,Matches
118,Cauley Woodrow,eng ENG,"FW,MF",Luton Town,28-319,1994,6,0,71,0.8,0,0,0,0,0,0,0,0,0.5,0.5,0.3,0.9,2,1,6,0,0,0,0,0,0.7,0.44,1.14,0.7,1.14,Matches
119,Adam Webster,eng ENG,DF,Brighton,28-286,1995,4,4,360,4,0,0,0,0,0,0,1,0,0.1,0.1,0,0.1,5,24,0,0,0,0,0,0,0.02,0,0.02,0.02,0.02,Matches
120,Joel Ward,eng ENG,DF,Crystal Palace,33-353,1989,7,7,622,6.9,0,0,0,0,0,0,3,0,0.5,0.5,0,0.5,7,22,6,0,0,0,0,0,0.07,0,0.07,0.07,0.07,Matches
121,Aaron Wan-Bissaka,eng ENG,DF,Manchester Utd,25-325,1997,5,4,341,3.8,0,1,1,0,0,0,2,0,0,0,1.1,1.1,11,16,10,0,0.26,0.26,0,0.26,0,0.3,0.3,0,0.3,Matches
122,Kyle Walker,eng ENG,DF,Manchester City,33-142,1990,8,8,719,8,0,1,1,0,0,0,1,0,0.1,0.1,0.9,1,21,43,63,0,0.13,0.13,0,0.13,0.01,0.12,0.12,0.01,0.12,Matches
123,Kieran Trippier,eng ENG,DF,Newcastle Utd,33-028,1990,8,8,699,7.8,0,5,5,0,0,0,1,0,0.1,0.1,3.4,3.4,13,57,36,0,0.64,0.64,0,0.64,0.01,0.44,0.44,0.01,0.44,Matches
124,James Trafford,eng ENG,GK,Burnley,21-007,2002,8,8,720,8,0,0,0,0,0,0,1,0,0,0,0,0,0,3,0,0,0,0,0,0,0,0,0,0,0,Matches
125,James Tomkins,eng ENG,DF,Crystal Palace,34-202,1989,1,0,1,0,0,0,0,0,0,0,0,0,0,0,0,0,0,0,0,0,0,0,0,0,0,0,0,0,0,Matches
126,Harry Toffolo,eng ENG,DF,Nott'ham Forest,28-059,1995,2,1,121,1.3,0,1,1,0,0,0,0,0,0,0,0.1,0.1,1,6,6,0,0.74,0.74,0,0.74,0.01,0.05,0.06,0.01,0.06,Matches
127,Luke Thomas,eng ENG,DF,Sheffield Utd,22-129,2001,5,4,358,4,0,0,0,0,0,0,0,0,0.5,0.5,0,0.5,2,16,13,0,0,0,0,0,0.12,0,0.13,0.12,0.13,Matches
128,Charlie Taylor,eng ENG,DF,Burnley,30-029,1993,5,5,450,5,0,0,0,0,0,0,2,0,0.1,0.1,0,0.1,4,14,9,0,0,0,0,0,0.01,0,0.02,0.01,0.02,Matches
129,Marcus Tavernier,eng ENG,FW,Bournemouth,24-209,1999,5,4,302,3.4,0,1,1,0,0,0,0,0,0.1,0.1,1.2,1.3,12,7,14,0,0.3,0.3,0,0.3,0.04,0.34,0.38,0.04,0.38,Matches
130,Matt Targett,eng ENG,DF,Newcastle Utd,28-029,1995,3,1,78,0.9,0,0,0,0,0,0,1,0,0,0,0,0,1,2,0,0,0,0,0,0,0,0.03,0.03,0,0.03,Matches
131,John Stones,eng ENG,MF,Manchester City,29-142,1994,1,0,23,0.3,0,0,0,0,0,0,0,0,0,0,0,0,0,2,0,0,0,0,0,0,0,0,0,0,0,Matches
132,Jason Steele,eng ENG,GK,Brighton,33-060,1990,4,4,360,4,0,0,0,0,0,0,0,0,0,0,0,0,0,0,0,0,0,0,0,0,0,0,0,0,0,Matches
133,Emile Smith Rowe,eng ENG,"MF,FW",Arsenal,23-081,2000,2,0,11,0.1,0,0,0,0,0,0,0,0,0.5,0.5,0,0.5,0,0,0,0,0,0,0,0,3.75,0,3.75,3.75,3.75,Matches
134,Adam Smith,eng ENG,DF,Bournemouth,32-171,1991,2,1,93,1,0,0,0,0,0,0,0,0,0,0,0,0,1,10,2,0,0,0,0,0,0,0.04,0.04,0,0.04,Matches
135,Oliver Skipp,eng ENG,MF,Tottenham,23-031,2000,5,1,120,1.3,0,0,0,0,0,0,1,0,0,0,0,0,0,6,6,0,0,0,0,0,0,0,0,0,0,Matches
136,Luke Shaw,eng ENG,DF,Manchester Utd,28-097,1995,2,2,180,2,0,0,0,0,0,0,1,0,0,0,0.7,0.7,1,11,8,0,0,0,0,0,0,0.36,0.36,0,0.36,Matches
137,Jadon Sancho,eng ENG,"FW,MF",Manchester Utd,23-206,2000,3,0,79,0.9,0,0,0,0,0,0,0,0,0,0,0.1,0.1,10,4,5,0,0,0,0,0,0,0.06,0.06,0,0.06,Matches
138,Joe Rothwell,eng ENG,MF,Bournemouth,28-279,1995,5,3,271,3,0,0,0,0,0,0,0,0,0,0,0.1,0.1,4,12,3,0,0,0,0,0,0.01,0.02,0.03,0.01,0.03,Matches
139,Jay Rodriguez,eng ENG,FW,Burnley,34-080,1989,4,0,72,0.8,0,0,0,0,0,0,0,0,0.6,0.6,0,0.6,0,0,5,0,0,0,0,0,0.71,0,0.71,0.71,0.71,Matches
140,Jack Robinson,eng ENG,DF,Sheffield Utd,30-046,1993,8,7,675,7.5,0,1,1,0,0,0,2,0,0.5,0.5,0.2,0.7,1,14,3,0,0.13,0.13,0,0.13,0.07,0.03,0.09,0.07,0.09,Matches
141,Harrison Reed,eng ENG,MF,Fulham,28-263,1995,8,6,494,5.5,0,1,1,0,0,0,1,0,0,0,0.7,0.7,2,17,23,0,0.18,0.18,0,0.18,0,0.12,0.12,0,0.12,Matches
142,Nathan Redmond,eng ENG,"MF,DF",Burnley,29-225,1994,3,0,55,0.6,0,0,0,0,0,0,0,0,0,0,0.2,0.2,2,0,7,0,0,0,0,0,0,0.38,0.38,0,0.38,Matches
143,Aaron Ramsey,eng ENG,"FW,MF",Burnley,20-269,2003,5,2,207,2.3,0,0,0,0,0,0,0,0,0.1,0.1,0.4,0.5,6,4,5,0,0,0,0,0,0.02,0.17,0.2,0.02,0.2,Matches
144,Aaron Ramsdale,eng ENG,GK,Arsenal,25-156,1998,4,4,360,4,0,0,0,0,0,0,0,0,0,0,0,0,0,2,0,0,0,0,0,0,0,0,0,0,0,Matches
145,Jesuran Rak Sakyi,eng ENG,"MF,DF",Crystal Palace,21-012,2002,4,0,75,0.8,0,0,0,0,0,0,0,0,0.2,0.2,0.1,0.3,6,1,12,0,0,0,0,0,0.21,0.12,0.33,0.21,0.33,Matches
146,Jarrell Quansah,eng ENG,DF,Liverpool,20-261,2003,3,1,116,1.3,0,0,0,0,0,0,0,0,0,0,0,0,2,5,0,0,0,0,0,0,0,0,0,0,0,Matches
147,Nick Pope,eng ENG,GK,Newcastle Utd,31-181,1992,8,8,720,8,0,0,0,0,0,0,0,0,0,0,0,0,0,0,0,0,0,0,0,0,0,0,0,0,0,Matches
148,Jordan Pickford,eng ENG,GK,Everton,29-224,1994,8,8,720,8,0,0,0,0,0,0,1,0,0,0,0.1,0.1,0,0,0,0,0,0,0,0,0,0.01,0.01,0,0.01,Matches
149,Jaden Philogene Bidace,eng ENG,FW,Aston Villa,21-251,2002,1,0,4,0,0,0,0,0,0,0,0,0,0,0,0,0,2,0,1,0,0,0,0,0,0,0,0,0,0,Matches
150,Kalvin Phillips,eng ENG,MF,Manchester City,27-319,1995,3,0,73,0.8,0,0,0,0,0,0,0,0,0.1,0.1,0,0.1,6,7,3,0,0,0,0,0,0.09,0,0.09,0.09,0.09,Matches
151,Cole Palmer,eng ENG,MF,Manchester City,21-164,2002,1,0,11,0.1,0,0,0,0,0,0,0,0,0,0,0,0,0,0,0,0,0,0,0,0,0,0,0,0,0,Matches
152,Ben Osborn,eng ENG,"DF,FW",Sheffield Utd,29-073,1994,3,3,192,2.1,0,0,0,0,0,0,1,0,0.1,0.1,0,0.1,1,6,8,0,0,0,0,0,0.06,0,0.06,0.06,0.06,Matches
153,Tyler Onyango,eng ENG,MF,Everton,20-227,2003,1,0,1,0,0,0,0,0,0,0,0,0,0,0,0,0,0,0,0,0,0,0,0,0,0,0,0,0,0,Matches
154,Michael Olakigbe,eng ENG,"MF,DF",Brentford,19-175,2004,3,0,13,0.1,0,0,0,0,0,0,0,0,0.1,0.1,0,0.1,6,3,9,0,0,0,0,0,0.7,0,0.7,0.7,0.7,Matches
155,Reiss Nelson,eng ENG,FW,Arsenal,23-311,1999,3,0,37,0.4,0,0,0,0,0,0,0,0,0,0,0.5,0.5,2,0,5,0,0,0,0,0,0.06,1.14,1.19,0.06,1.19,Matches
156,Jacob Murphy,eng ENG,FW,Newcastle Utd,28-235,1995,3,0,15,0.2,0,1,1,0,0,0,0,0,0,0,0.6,0.6,1,3,0,0,6,6,0,6,0,3.39,3.39,0,3.39,Matches
157,Mason Mount,eng ENG,MF,Manchester Utd,24-280,1999,4,4,289,3.2,0,0,0,0,0,0,1,0,0.2,0.2,0.2,0.4,5,11,19,0,0,0,0,0,0.06,0.06,0.12,0.06,0.12,Matches
158,Tyrick Mitchell,eng ENG,DF,Crystal Palace,24-046,1999,8,8,720,8,0,1,1,0,0,0,1,0,0.1,0.1,0.6,0.7,7,20,42,0,0.12,0.12,0,0.12,0.01,0.07,0.08,0.01,0.08,Matches
159,Tyrone Mings,eng ENG,DF,Aston Villa,30-218,1993,1,1,30,0.3,0,0,0,0,0,0,0,0,0,0,0,0,0,0,0,0,0,0,0,0,0.02,0.07,0.09,0.02,0.09,Matches
160,James Milner,eng ENG,DF,Brighton,37-286,1986,5,3,229,2.5,0,0,0,0,0,0,2,0,0,0,0.1,0.1,2,17,15,0,0,0,0,0,0,0.04,0.04,0,0.04,Matches
161,Teden Mengi,eng ENG,DF,Luton Town,21-170,2002,3,1,157,1.7,0,0,0,0,0,0,0,0,0,0,0,0,1,5,0,0,0,0,0,0,0.01,0,0.01,0.01,0.01,Matches
162,Ben Mee,eng ENG,DF,Brentford,34-026,1989,2,2,151,1.7,0,0,0,0,0,0,0,0,0,0,0.1,0.1,1,6,1,0,0,0,0,0,0,0.07,0.07,0,0.07,Matches
163,Dwight McNeil,eng ENG,"MF,FW",Everton,23-329,1999,5,4,366,4.1,0,1,1,0,0,0,0,0,0.6,0.6,1.7,2.3,16,9,20,0,0.25,0.25,0,0.25,0.14,0.42,0.56,0.14,0.56,Matches
164,James Mcatee,eng ENG,MF,Manchester City,20-364,2002,1,0,1,0,0,0,0,0,0,0,0,0,0,0,0,0,0,0,0,0,0,0,0,0,0,0,0,0,0,Matches
165,James Mcatee,eng ENG,MF,Sheffield Utd,20-364,2002,4,3,237,2.6,0,0,0,0,0,0,1,0,0.3,0.3,0.2,0.6,8,8,13,0,0,0,0,0,0.13,0.08,0.21,0.13,0.21,Matches
166,Alex Matos,eng ENG,MF,Chelsea,19-014,2004,1,0,1,0,0,0,0,0,0,0,0,0,0,0,0,0,0,0,0,0,0,0,0,0,0,0,0,0,0,Matches
167,Harry Maguire,eng ENG,DF,Manchester Utd,30-226,1993,3,1,118,1.3,0,1,1,0,0,0,0,0,0,0,0.3,0.3,2,6,0,0,0.76,0.76,0,0.76,0,0.21,0.21,0,0.21,Matches
168,Noni Madueke,eng ENG,"MF,FW",Chelsea,21-221,2002,3,0,46,0.5,0,0,0,0,0,0,0,0,0.1,0.1,0,0.1,6,2,17,0,0,0,0,0,0.13,0,0.13,0.13,0.13,Matches
169,Max Lowe,eng ENG,"MF,DF",Sheffield Utd,26-159,1997,2,2,124,1.4,0,0,0,0,0,0,0,0,0,0,0,0,0,4,2,0,0,0,0,0,0,0.01,0.01,0,0.01,Matches
170,Valentino Livramento,eng ENG,"DF,FW",Newcastle Utd,20-339,2002,3,0,27,0.3,0,0,0,0,0,0,0,0,0,0,0,0,2,3,2,0,0,0,0,0,0,0,0,0,0,Matches
171,Keane Lewis-Potter,eng ENG,FW,Brentford,22-237,2001,6,2,222,2.5,0,0,0,0,0,0,0,0,1,1,0.1,1.1,12,6,31,0,0,0,0,0,0.39,0.05,0.43,0.39,0.43,Matches
172,Rico Lewis,eng ENG,"DF,MF",Manchester City,18-330,2004,4,2,147,1.6,0,0,0,0,0,0,0,0,0,0,0,0,2,4,6,0,0,0,0,0,0,0,0,0,0,Matches
173,Jamaal Lascelles,eng ENG,DF,Newcastle Utd,29-340,1993,3,2,197,2.2,0,0,0,0,0,0,0,0,0.1,0.1,0,0.1,0,3,1,0,0,0,0,0,0.04,0.01,0.04,0.04,0.04,Matches
174,Adam Lallana,eng ENG,"MF,FW",Brighton,35-160,1988,4,1,114,1.3,0,0,0,0,0,0,1,0,0,0,0.1,0.1,0,6,10,0,0,0,0,0,0,0.06,0.06,0,0.06,Matches
175,Ezri Konsa,eng ENG,DF,Aston Villa,25-359,1997,8,8,720,8,0,0,0,0,0,0,1,0,0.4,0.4,0,0.4,4,18,5,0,0,0,0,0,0.05,0,0.06,0.05,0.06,Matches
176,Max Kilman,eng ENG,DF,Wolves,26-147,1997,8,8,720,8,0,0,0,0,0,0,1,0,0.4,0.4,0.4,0.8,8,23,0,0,0,0,0,0,0.06,0.04,0.1,0.06,0.1,Matches
177,Lloyd Kelly,eng ENG,DF,Bournemouth,25-011,1998,4,3,277,3.1,0,0,0,0,0,0,1,0,0,0,0.1,0.1,5,12,2,0,0,0,0,0,0,0.03,0.03,0,0.03,Matches
178,Michael Keane,eng ENG,DF,Everton,30-279,1993,3,2,181,2,0,0,0,0,0,0,1,0,0,0,0,0,2,6,0,0,0,0,0,0,0.02,0,0.02,0.02,0.02,Matches
179,Curtis Jones,eng ENG,MF,Liverpool,22-260,2001,5,4,280,3.1,0,0,0,0,0,0,1,1,0.1,0.1,0,0.1,2,19,24,0,0,0,0,0,0.03,0,0.03,0.03,0.03,Matches
180,Sam Johnstone,eng ENG,GK,Crystal Palace,30-206,1993,8,8,720,8,0,0,0,0,0,0,0,0,0,0,0,0,0,0,0,0,0,0,0,0,0,0,0,0,0,Matches
181,Ryan John Giles,eng ENG,"DF,MF",Luton Town,23-264,2000,4,3,269,3,0,0,0,0,0,0,0,0,0.1,0.1,0.2,0.3,5,9,21,0,0,0,0,0,0.02,0.07,0.09,0.02,0.09,Matches
182,Reece James,eng ENG,DF,Chelsea,23-313,1999,1,1,75,0.8,0,0,0,0,0,0,0,0,0,0,0.3,0.3,5,7,13,0,0,0,0,0,0.04,0.31,0.35,0.04,0.35,Matches
183,Danny Ings,eng ENG,"FW,MF",West Ham,31-086,1992,5,0,38,0.4,0,0,0,0,0,0,0,0,0.1,0.1,0,0.1,0,1,6,0,0,0,0,0,0.29,0,0.29,0.29,0.29,Matches
184,Will Hughes,eng ENG,MF,Crystal Palace,28-183,1995,5,4,361,4,0,0,0,0,0,0,2,0,0.2,0.2,0.1,0.3,4,16,3,0,0,0,0,0,0.04,0.03,0.06,0.04,0.06,Matches
185,Jack Hinshelwood,eng ENG,MF,Brighton,18-189,2005,1,1,85,0.9,0,0,0,0,0,0,0,0,0,0,0.1,0.1,1,3,1,0,0,0,0,0,0,0.08,0.08,0,0.08,Matches
186,James Hill,eng ENG,DF,Bournemouth,21-280,2002,1,0,16,0.2,0,0,0,0,0,0,0,0,0,0,0,0,0,3,1,0,0,0,0,0,0,0,0,0,0,Matches
187,Rico Henry,eng ENG,DF,Brentford,26-101,1997,5,5,401,4.5,0,1,1,0,0,0,1,0,0.1,0.1,1,1.1,13,20,12,0,0.22,0.22,0,0.22,0.02,0.22,0.24,0.02,0.24,Matches
188,Lewis Hall,eng ENG,DF,Newcastle Utd,19-039,2004,1,0,10,0.1,0,0,0,0,0,0,0,0,0,0,0,0,0,0,0,0,0,0,0,0,0,0,0,0,0,Matches
189,Antwoine Hackford,eng ENG,FW,Sheffield Utd,19-211,2004,2,0,13,0.1,0,0,0,0,0,0,0,0,0,0,0,0,0,0,0,0,0,0,0,0,0,0,0,0,0,Matches
190,Marc Guéhi,eng ENG,DF,Crystal Palace,23-096,2000,7,7,629,7,0,0,0,0,0,0,0,0,0.2,0.2,0.1,0.3,6,19,1,0,0,0,0,0,0.03,0.01,0.05,0.03,0.05,Matches
191,Jack Grealish,eng ENG,FW,Manchester City,28-037,1995,4,2,195,2.2,0,1,1,0,0,0,1,0,0.4,0.4,0.5,0.9,18,4,34,0,0.46,0.46,0,0.46,0.17,0.23,0.4,0.17,0.4,Matches
192,Joe Gomez,eng ENG,DF,Liverpool,26-147,1997,7,4,427,4.7,0,0,0,0,0,0,1,0,0.1,0.1,0.1,0.2,5,22,20,0,0,0,0,0,0.01,0.03,0.04,0.01,0.04,Matches
193,Ben Godfrey,eng ENG,DF,Everton,25-275,1998,1,0,1,0,0,0,0,0,0,0,0,0,0,0,0,0,0,0,0,0,0,0,0,0,0,0,0,0,0,Matches
194,Morgan Gibbs-White,eng ENG,"MF,FW",Nott'ham Forest,23-263,2000,8,7,661,7.3,0,1,1,0,0,0,2,0,1.1,1.1,1.7,2.8,19,32,36,0,0.14,0.14,0,0.14,0.15,0.23,0.38,0.15,0.38,Matches
195,Conor Gallagher,eng ENG,MF,Chelsea,23-253,2000,8,8,675,7.5,0,1,1,0,0,0,1,0,0.5,0.5,0.9,1.4,14,45,27,0,0.13,0.13,0,0.13,0.07,0.12,0.19,0.07,0.19,Matches
196,Wes Foderingham,eng ENG,GK,Sheffield Utd,32-276,1991,8,8,720,8,0,0,0,0,0,0,1,0,0,0,0,0,0,0,0,0,0,0,0,0,0,0,0,0,0,Matches
197,Harvey Elliott,eng ENG,MF,Liverpool,20-196,2003,6,1,168,1.9,0,0,0,0,0,0,1,0,0.1,0.1,0.1,0.2,6,14,13,0,0,0,0,0,0.06,0.05,0.11,0.06,0.11,Matches
198,Tommy Doyle,eng ENG,MF,Wolves,22-000,2001,2,0,15,0.2,0,0,0,0,0,0,0,0,0,0,0,0,0,3,0,0,0,0,0,0,0,0,0,0,0,Matches
199,Alfie Doughty,eng ENG,"DF,MF",Luton Town,23-300,1999,8,5,475,5.3,0,1,1,0,0,0,0,0,0.2,0.2,1.6,1.8,10,22,30,0,0.19,0.19,0,0.19,0.04,0.3,0.34,0.04,0.34,Matches
200,Lewis Dobbin,eng ENG,MF,Everton,20-287,2003,3,1,118,1.3,0,0,0,0,0,0,0,0,0.1,0.1,0,0.1,5,0,6,0,0,0,0,0,0.05,0.02,0.07,0.05,0.07,Matches
201,Craig Dawson,eng ENG,DF,Wolves,33-164,1990,8,8,700,7.8,0,0,0,0,0,0,3,0,0.4,0.4,0.6,1,0,18,2,0,0,0,0,0,0.05,0.08,0.12,0.05,0.12,Matches
202,Tom Davies,eng ENG,MF,Sheffield Utd,25-109,1998,3,0,60,0.7,0,0,0,0,0,0,1,0,0.1,0.1,0.1,0.2,3,4,1,0,0,0,0,0,0.14,0.11,0.25,0.14,0.25,Matches
203,Josh Dasilva,eng ENG,MF,Brentford,24-359,1998,1,0,10,0.1,0,0,0,0,0,0,0,0,0,0,0,0,0,0,0,0,0,0,0,0,0,0,0,0,0,Matches
204,Jack Cork,eng ENG,MF,Burnley,34-114,1989,1,0,17,0.2,0,0,0,0,0,0,0,0,0,0,0,0,2,1,1,0,0,0,0,0,0,0,0,0,0,Matches
205,Lewis Cook,eng ENG,MF,Bournemouth,26-256,1997,6,5,470,5.2,0,0,0,0,0,0,0,0,0.1,0.1,0.2,0.3,2,17,2,0,0,0,0,0,0.01,0.04,0.05,0.01,0.05,Matches
206,Levi Colwill,eng ENG,DF,Chelsea,20-233,2003,8,8,709,7.9,0,1,1,0,0,0,0,0,0.8,0.8,0.9,1.7,10,24,16,0,0.13,0.13,0,0.13,0.11,0.11,0.21,0.11,0.21,Matches
207,Nathaniel Clyne,eng ENG,DF,Crystal Palace,32-195,1991,1,1,90,1,0,0,0,0,0,0,0,0,0,0,0,0,0,1,2,0,0,0,0,0,0.03,0,0.03,0.03,0.03,Matches
208,Ben Chilwell,eng ENG,"DF,MF",Chelsea,26-300,1996,6,4,336,3.7,0,1,1,0,0,0,3,0,1,1,1.8,2.8,12,10,23,0,0.27,0.27,0,0.27,0.26,0.49,0.74,0.26,0.74,Matches
209,Mason Burstow,eng ENG,FW,Chelsea,20-074,2003,2,0,9,0.1,0,0,0,0,0,0,0,0,0,0,0,0,0,0,1,0,0,0,0,0,0,0,0,0,0,Matches
210,Reece Burke,eng ENG,DF,Luton Town,27-045,1996,7,6,541,6,0,1,1,0,0,0,1,0,0.4,0.4,0.4,0.8,0,22,9,0,0.17,0.17,0,0.17,0.06,0.06,0.12,0.06,0.12,Matches
211,Andre Brooks,eng ENG,"MF,FW",Sheffield Utd,20-058,2003,2,0,21,0.2,0,0,0,0,0,0,0,0,0,0,0,0,0,0,2,0,0,0,0,0,0,0,0,0,0,Matches
212,Rhian Brewster,eng ENG,FW,Sheffield Utd,23-199,2000,2,0,24,0.3,0,0,0,0,0,0,0,0,0,0,0.1,0.1,0,0,3,0,0,0,0,0,0,0.23,0.23,0,0.23,Matches
213,Jarrad Branthwaite,eng ENG,DF,Everton,21-112,2002,6,6,540,6,0,0,0,0,0,0,3,0,0.2,0.2,0.1,0.3,0,16,1,0,0,0,0,0,0.04,0.01,0.05,0.04,0.05,Matches
214,Luke Berry,eng ENG,MF,Luton Town,31-097,1992,2,0,28,0.3,0,0,0,0,0,0,0,0,0,0,0,0,0,0,0,0,0,0,0,0,0,0,0,0,0,Matches
215,Chris Basham,eng ENG,"DF,MF",Sheffield Utd,35-089,1988,8,3,321,3.6,0,0,0,0,0,0,1,0,0.1,0.1,0.3,0.4,1,7,6,0,0,0,0,0,0.04,0.07,0.1,0.04,0.1,Matches
216,Ross Barkley,eng ENG,MF,Luton Town,29-316,1993,3,2,156,1.7,0,0,0,0,0,0,0,0,0.2,0.2,0.3,0.6,1,8,1,0,0,0,0,0,0.14,0.2,0.33,0.14,0.33,Matches
217,Cameron Archer,eng ENG,MF,Aston Villa,22-088,2001,1,0,6,0.1,0,0,0,0,0,0,1,0,0,0,0,0,1,0,0,0,0,0,0,0,0,0,0,0,0,Matches
218,Jaidon Anthony,eng ENG,FW,Bournemouth,23-320,1999,3,2,152,1.7,0,0,0,0,0,0,1,0,0.1,0.1,0,0.1,2,8,9,0,0,0,0,0,0.04,0,0.04,0.04,0.04,Matches
219,Trent Alexander-Arnold,eng ENG,DF,Liverpool,25-010,1998,6,5,420,4.7,0,1,1,0,0,0,2,0,0.2,0.2,0.9,1.1,15,21,10,0,0.21,0.21,0,0.21,0.04,0.19,0.23,0.04,0.23,Matches
220,Tosin Adarabioyo,eng ENG,DF,Fulham,26-023,1997,1,0,2,0,0,0,0,0,0,0,0,0,0,0,0,0,0,0,0,0,0,0,0,0,0,0,0,0,0,Matches
221,Max Aarons,eng ENG,DF,Bournemouth,23-286,2000,8,7,619,6.9,0,0,0,0,0,0,1,0,0,0,0.2,0.3,11,20,12,0,0,0,0,0,0,0.03,0.04,0,0.04,Matches
222,Ben White,eng ENG,DF,Arsenal,26-009,1997,8,8,720,8,1,0,1,1,0,0,1,0,0.4,0.4,0.7,1.1,15,42,34,0.12,0,0.12,0.12,0.12,0.05,0.09,0.14,0.05,0.14,Matches
223,Danny Welbeck,eng ENG,"FW,MF",Brighton,32-325,1990,7,6,393,4.4,1,0,1,1,0,0,1,0,1.1,1.1,0.3,1.4,8,10,21,0.23,0,0.23,0.23,0.23,0.25,0.06,0.31,0.25,0.31,Matches
224,James Tarkowski,eng ENG,DF,Everton,30-332,1992,8,8,719,8,1,1,2,1,0,0,0,0,0.7,0.7,0.4,1.2,1,31,4,0.13,0.13,0.25,0.13,0.25,0.09,0.05,0.14,0.09,0.14,Matches
225,Declan Rice,eng ENG,MF,Arsenal,24-276,1999,8,8,664,7.4,1,0,1,1,0,0,0,0,0.7,0.7,0.8,1.5,11,45,11,0.14,0,0.14,0.14,0.14,0.09,0.11,0.2,0.09,0.2,Matches
226,Marcus Rashford,eng ENG,FW,Manchester Utd,25-351,1997,8,8,669,7.4,1,1,2,1,0,0,1,0,2.8,2.8,1.1,3.8,36,21,71,0.13,0.13,0.27,0.13,0.27,0.37,0.14,0.52,0.37,0.52,Matches
227,Jacob Ramsey,eng ENG,"FW,MF",Aston Villa,22-142,2001,2,0,50,0.6,1,0,1,1,0,0,0,0,0.2,0.2,0,0.2,4,2,0,1.8,0,1.8,1.8,1.8,0.34,0,0.34,0.34,0.34,Matches
228,Cole Palmer,eng ENG,"FW,MF",Chelsea,21-164,2002,5,2,242,2.7,1,1,2,0,1,1,1,0,1.4,0.6,0.9,1.5,14,22,22,0.37,0.37,0.74,0,0.37,0.51,0.34,0.85,0.21,0.56,Matches
229,Sean Longstaff,eng ENG,MF,Newcastle Utd,25-352,1997,8,4,452,5,1,1,2,1,0,0,1,0,0.6,0.6,0.9,1.5,4,32,17,0.2,0.2,0.4,0.2,0.4,0.11,0.18,0.29,0.11,0.29,Matches
230,Callum Hudson-Odoi,eng ENG,FW,Nott'ham Forest,22-344,2000,4,3,229,2.5,1,0,1,1,0,0,0,0,0.1,0.1,0.2,0.4,18,8,25,0.39,0,0.39,0.39,0.39,0.05,0.09,0.14,0.05,0.14,Matches
231,Jack Harrison,eng ENG,MF,Everton,26-331,1996,2,1,122,1.4,1,1,2,1,0,0,0,0,0.3,0.3,0.6,0.8,6,2,6,0.74,0.74,1.48,0.74,1.48,0.2,0.41,0.62,0.2,0.62,Matches
232,James Garner,eng ENG,MF,Everton,22-218,2001,8,7,617,6.9,1,1,2,1,0,0,1,0,1.1,1.1,1.9,3,11,26,23,0.15,0.15,0.29,0.15,0.29,0.16,0.28,0.43,0.16,0.43,Matches
233,Phil Foden,eng ENG,"FW,MF",Manchester City,23-142,2000,8,7,606,6.7,1,3,4,1,0,0,0,0,0.9,0.9,1.5,2.4,14,27,48,0.15,0.45,0.59,0.15,0.59,0.13,0.22,0.35,0.13,0.35,Matches
234,Eberechi Eze,eng ENG,"MF,FW",Crystal Palace,25-110,1998,7,7,627,7,1,0,1,1,0,0,1,0,2.3,2.3,1.3,3.7,21,24,41,0.14,0,0.14,0.14,0.14,0.33,0.19,0.53,0.33,0.53,Matches
235,Lewis Dunk,eng ENG,DF,Brighton,31-330,1991,8,8,720,8,1,0,1,1,0,0,2,0,1.3,1.3,0.1,1.4,15,50,3,0.12,0,0.12,0.12,0.12,0.16,0.01,0.18,0.16,0.18,Matches
236,Carney Chukwuemeka,eng ENG,MF,Chelsea,19-362,2003,2,2,125,1.4,1,0,1,1,0,0,2,0,0.1,0.1,0.1,0.2,2,4,9,0.72,0,0.72,0.72,0.72,0.08,0.09,0.16,0.08,0.16,Matches
237,Dan Burn,eng ENG,DF,Newcastle Utd,31-161,1992,8,8,720,8,1,0,1,1,0,0,1,0,0.9,0.9,0.5,1.4,5,23,13,0.12,0,0.12,0.12,0.12,0.12,0.06,0.18,0.12,0.18,Matches
238,Josh Brownhill,eng ENG,MF,Burnley,27-302,1995,7,5,491,5.5,1,0,1,1,0,0,1,0,0.5,0.5,0.7,1.2,4,14,9,0.18,0,0.18,0.18,0.18,0.09,0.13,0.22,0.09,0.22,Matches
239,Jayden Bogle,eng ENG,DF,Sheffield Utd,23-082,2000,5,4,318,3.5,1,0,1,1,0,0,0,0,0.6,0.6,0.3,0.9,3,5,12,0.28,0,0.28,0.28,0.28,0.16,0.09,0.26,0.16,0.26,Matches
240,Harvey Barnes,eng ENG,FW,Newcastle Utd,25-312,1997,6,2,187,2.1,1,1,2,1,0,0,1,0,0.7,0.7,0.9,1.6,15,5,16,0.48,0.48,0.96,0.48,0.96,0.35,0.42,0.76,0.35,0.76,Matches
241,Cameron Archer,eng ENG,FW,Sheffield Utd,22-088,2001,5,5,410,4.6,1,0,1,1,0,0,1,0,0.3,0.3,0.3,0.6,5,7,25,0.22,0,0.22,0.22,0.22,0.07,0.06,0.13,0.07,0.13,Matches
242,Elijah Adebayo,eng ENG,"FW,DF",Luton Town,25-283,1998,8,4,333,3.7,1,0,1,1,0,0,0,0,0.6,0.6,0.2,0.8,3,6,20,0.27,0,0.27,0.27,0.27,0.17,0.06,0.22,0.17,0.22,Matches
243,James Ward-Prowse,eng ENG,MF,West Ham,28-350,1994,7,7,620,6.9,2,3,5,2,0,0,1,0,1.6,1.6,1.6,3.2,4,21,14,0.29,0.44,0.73,0.29,0.73,0.23,0.24,0.47,0.23,0.47,Matches
244,Eddie Nketiah,eng ENG,FW,Arsenal,24-140,1999,8,7,568,6.3,2,0,2,2,0,0,1,0,1.8,1.8,0.2,2,11,9,29,0.32,0,0.32,0.32,0.32,0.29,0.03,0.32,0.29,0.32,Matches
245,James Maddison,eng ENG,MF,Tottenham,26-328,1996,8,8,668,7.4,2,5,7,2,0,0,2,0,2.1,2.1,2.6,4.7,20,81,62,0.27,0.67,0.94,0.27,0.94,0.29,0.35,0.63,0.29,0.63,Matches
246,Anthony Gordon,eng ENG,FW,Newcastle Utd,22-235,2001,7,6,542,6,2,2,4,2,0,0,5,0,1.7,1.7,1.7,3.4,34,15,46,0.33,0.33,0.66,0.33,0.66,0.28,0.28,0.56,0.28,0.56,Matches
247,Dominic Calvert-Lewin,eng ENG,FW,Everton,26-215,1997,5,3,262,2.9,2,0,2,2,0,0,0,0,2.5,2.5,0,2.5,5,2,15,0.69,0,0.69,0.69,0.69,0.86,0.01,0.87,0.86,0.87,Matches
248,Raheem Sterling,eng ENG,"FW,MF",Chelsea,28-313,1994,8,7,637,7.1,3,0,3,3,0,0,2,0,2.4,2.4,1.2,3.5,45,27,93,0.42,0,0.42,0.42,0.42,0.34,0.16,0.5,0.34,0.5,Matches
249,Dominic Solanke,eng ENG,FW,Bournemouth,26-033,1997,8,8,720,8,3,1,4,3,0,0,1,0,3,3,0.5,3.6,13,12,39,0.37,0.12,0.5,0.37,0.5,0.38,0.07,0.45,0.38,0.45,Matches
250,Carlton Morris,eng ENG,FW,Luton Town,27-305,1995,8,8,690,7.7,3,1,4,1,2,2,1,0,3.3,1.7,0.4,2.1,8,24,42,0.39,0.13,0.52,0.13,0.26,0.43,0.05,0.48,0.22,0.27,Matches
251,Solly March,eng ENG,"FW,DF",Brighton,29-089,1994,6,6,465,5.2,3,1,4,3,0,0,0,0,2,2,0.8,2.8,12,23,44,0.58,0.19,0.77,0.58,0.77,0.38,0.16,0.54,0.38,0.54,Matches
252,Callum Wilson,eng ENG,FW,Newcastle Utd,31-232,1992,7,2,264,2.9,4,0,4,3,1,1,1,0,3.6,2.8,0,2.8,4,1,23,1.36,0,1.36,1.02,1.02,1.23,0.01,1.24,0.96,0.97,Matches
253,Ollie Watkins,eng ENG,FW,Aston Villa,27-291,1995,8,8,678,7.5,4,4,8,4,0,0,0,0,3.6,3.6,2.1,5.8,13,12,41,0.53,0.53,1.06,0.53,1.06,0.48,0.28,0.77,0.48,0.77,Matches
254,Bukayo Saka,eng ENG,FW,Arsenal,22-042,2001,7,7,612,6.8,4,2,6,2,2,2,1,0,4.1,2.5,1.8,4.2,38,24,96,0.59,0.29,0.88,0.29,0.59,0.6,0.26,0.86,0.36,0.62,Matches
255,Jarrod Bowen,eng ENG,"FW,MF",West Ham,26-301,1996,8,8,719,8,5,1,6,5,0,0,1,0,3.6,3.6,1,4.5,20,13,38,0.63,0.13,0.75,0.63,0.75,0.45,0.12,0.57,0.45,0.57,Matches
256,Adama Traoré,es ESP,"FW,DF",Fulham,27-265,1996,3,0,35,0.4,0,0,0,0,0,0,0,0,0.2,0.2,0,0.2,1,0,2,0,0,0,0,0,0.53,0,0.53,0.53,0.53,Matches
257,Pablo Sarabia,es ESP,"FW,MF",Wolves,31-159,1992,4,2,173,1.9,0,1,1,0,0,0,0,0,0.3,0.3,1.4,1.8,4,8,16,0,0.52,0.52,0,0.52,0.18,0.75,0.92,0.18,0.92,Matches
258,Robert Sánchez,es ESP,GK,Chelsea,25-333,1997,8,8,720,8,0,0,0,0,0,0,1,0,0,0,0,0,0,1,0,0,0,0,0,0,0,0,0,0,0,Matches
259,Sergio Reguilón,es ESP,DF,Manchester Utd,26-305,1996,2,2,162,1.8,0,0,0,0,0,0,1,0,0,0,0.2,0.2,2,4,7,0,0,0,0,0,0,0.1,0.1,0,0.1,Matches
260,David Raya,es ESP,GK,Arsenal,28-032,1995,4,4,360,4,0,0,0,0,0,0,0,0,0,0,0,0,0,0,0,0,0,0,0,0,0,0,0,0,0,Matches
261,Pedro Porro,es ESP,DF,Tottenham,24-034,1999,7,7,626,7,0,1,1,0,0,0,1,0,0.8,0.8,1.4,2.2,10,36,24,0,0.14,0.14,0,0.14,0.12,0.19,0.31,0.12,0.31,Matches
262,Aymeric Laporte,es ESP,DF,Manchester City,29-143,1994,1,0,12,0.1,0,0,0,0,0,0,0,0,0,0,0,0,0,0,0,0,0,0,0,0,0.27,0,0.27,0.27,0.27,Matches
263,Sergio Gómez,es ESP,FW,Manchester City,23-043,2000,2,0,16,0.2,0,1,1,0,0,0,0,0,0,0,0.2,0.2,3,1,2,0,5.63,5.63,0,5.63,0,1.06,1.06,0,1.06,Matches
264,Pablo Fornals,es ESP,"MF,FW",West Ham,27-237,1996,6,1,144,1.6,0,0,0,0,0,0,0,0,0.2,0.2,0.1,0.3,2,7,10,0,0,0,0,0,0.15,0.05,0.2,0.15,0.2,Matches
265,Marc Cucurella,es ESP,DF,Chelsea,25-087,1998,2,2,180,2,0,0,0,0,0,0,2,0,0,0,0,0,0,5,1,0,0,0,0,0,0,0.02,0.02,0,0.02,Matches
266,Jonny Castro,es ESP,MF,Wolves,29-228,1994,1,0,5,0.1,0,0,0,0,0,0,0,0,0,0,0,0,0,0,0,0,0,0,0,0,0,0,0,0,0,Matches
267,Hugo Bueno,es ESP,DF,Wolves,21-029,2002,6,1,145,1.6,0,0,0,0,0,0,0,0,0.2,0.2,0.1,0.3,7,3,13,0,0,0,0,0,0.11,0.07,0.19,0.11,0.19,Matches
268,Pau Torres,es ESP,DF,Aston Villa,26-274,1997,8,7,690,7.7,1,0,1,1,0,0,0,0,0.4,0.4,0.1,0.4,11,37,6,0.13,0,0.13,0.13,0.13,0.05,0.01,0.06,0.05,0.06,Matches
269,Ansu Fati,es ESP,"MF,FW",Brighton,20-351,2002,4,0,119,1.3,1,0,1,1,0,0,1,0,1.8,1.8,0,1.9,4,10,6,0.76,0,0.76,0.76,0.76,1.35,0.04,1.39,1.35,1.39,Matches
270,Rodri,es ESP,MF,Manchester City,27-117,1996,6,6,480,5.3,2,1,3,2,0,0,2,1,1,1,0.9,1.9,15,58,10,0.37,0.19,0.56,0.37,0.56,0.19,0.17,0.36,0.19,0.36,Matches
271,Lesley Ugochukwu,fr FRA,MF,Chelsea,19-205,2004,5,1,135,1.5,0,0,0,0,0,0,0,0,0,0,0,0,5,11,0,0,0,0,0,0,0,0.03,0.03,0,0.03,Matches
272,William Saliba,fr FRA,DF,Arsenal,22-207,2001,8,8,720,8,0,1,1,0,0,0,0,0,0,0,0.1,0.1,2,37,1,0,0.12,0.12,0,0.12,0.01,0.01,0.01,0.01,0.01,Matches
273,Neal Maupay,fr FRA,FW,Everton,27-064,1996,2,1,111,1.2,0,0,0,0,0,0,0,0,1.4,1.4,0.1,1.5,1,0,6,0,0,0,0,0,1.16,0.05,1.22,1.16,1.22,Matches
274,Neal Maupay,fr FRA,FW,Brentford,27-064,1996,3,0,56,0.6,0,0,0,0,0,0,1,0,0.3,0.3,0,0.3,1,1,6,0,0,0,0,0,0.53,0,0.53,0.53,0.53,Matches
275,Jean-Philippe Mateta,fr FRA,FW,Crystal Palace,26-111,1997,6,2,307,3.4,0,3,3,0,0,0,0,0,0.3,0.3,1.1,1.4,2,4,21,0,0.88,0.88,0,0.88,0.08,0.33,0.41,0.08,0.41,Matches
276,Anthony Martial,fr FRA,"FW,MF",Manchester Utd,27-316,1995,6,2,192,2.1,0,0,0,0,0,0,0,0,0.2,0.2,0.2,0.4,3,7,17,0,0,0,0,0,0.11,0.08,0.19,0.11,0.19,Matches
277,Ibrahima Konaté,fr FRA,DF,Liverpool,24-145,1999,5,2,224,2.5,0,0,0,0,0,0,0,0,0,0,0.2,0.2,2,2,0,0,0,0,0,0,0.02,0.06,0.08,0.02,0.08,Matches
278,Boubacar Kamara,fr FRA,MF,Aston Villa,23-328,1999,8,8,676,7.5,0,0,0,0,0,0,2,0,0.1,0.1,0.7,0.7,5,29,2,0,0,0,0,0,0.01,0.09,0.1,0.01,0.1,Matches
279,Malo Gusto,fr FRA,DF,Chelsea,20-151,2003,6,5,410,4.6,0,2,2,0,0,0,0,1,0.1,0.1,0.6,0.6,25,22,38,0,0.44,0.44,0,0.44,0.02,0.12,0.14,0.02,0.14,Matches
280,Issa Diop,fr FRA,DF,Fulham,26-281,1997,8,8,700,7.8,0,0,0,0,0,0,2,0,0.2,0.2,0,0.2,9,45,0,0,0,0,0,0,0.02,0,0.02,0.02,0.02,Matches
281,Lucas Digne,fr FRA,DF,Aston Villa,30-089,1993,8,8,710,7.9,0,2,2,0,0,0,4,0,0.2,0.2,1.4,1.5,10,27,81,0,0.25,0.25,0,0.25,0.02,0.17,0.19,0.02,0.19,Matches
282,Jean-Ricner Bellegarde,fr FRA,MF,Wolves,25-112,1998,2,2,114,1.3,0,0,0,0,0,0,0,1,0,0,0,0.1,6,5,2,0,0,0,0,0,0.03,0.02,0.05,0.03,0.05,Matches
283,Alphonse Areola,fr FRA,GK,West Ham,30-232,1993,8,8,720,8,0,0,0,0,0,0,0,0,0,0,0,0,0,0,0,0,0,0,0,0,0,0,0,0,0,Matches
284,Naouirou Ahamada,fr FRA,"FW,MF",Crystal Palace,21-202,2002,3,0,38,0.4,0,0,0,0,0,0,0,0,0,0,0,0,4,4,6,0,0,0,0,0,0,0,0,0,0,Matches
285,Kurt Zouma,fr FRA,DF,West Ham,28-355,1994,8,8,720,8,1,0,1,1,0,0,1,0,0.3,0.3,0,0.3,0,9,0,0.12,0,0.12,0.12,0.12,0.03,0.01,0.04,0.03,0.04,Matches
286,Raphaël Varane,fr FRA,DF,Manchester Utd,30-175,1993,5,4,323,3.6,1,0,1,1,0,0,0,0,1.1,1.1,0.1,1.2,6,26,1,0.28,0,0.28,0.28,0.28,0.31,0.02,0.33,0.31,0.33,Matches
287,Wilson Odobert,fr FRA,FW,Burnley,18-323,2004,2,1,102,1.1,1,0,1,1,0,0,1,0,0.2,0.2,0.4,0.7,6,0,6,0.88,0,0.88,0.88,0.88,0.2,0.38,0.58,0.2,0.58,Matches
288,Axel Disasi,fr FRA,DF,Chelsea,25-220,1998,8,8,720,8,1,0,1,1,0,0,2,0,0.8,0.8,0.2,1,6,35,6,0.12,0,0.12,0.12,0.12,0.1,0.03,0.12,0.1,0.12,Matches
289,Moussa Diaby,fr FRA,"MF,FW",Aston Villa,24-102,1999,8,8,620,6.9,2,3,5,2,0,0,0,0,1.6,1.6,2.6,4.2,22,21,46,0.29,0.44,0.73,0.29,0.73,0.23,0.37,0.61,0.23,0.61,Matches
290,Odsonne Édouard,fr FRA,"FW,MF",Crystal Palace,25-274,1998,7,7,607,6.7,4,0,4,4,0,0,0,0,2.6,2.6,0.5,3.1,12,16,37,0.59,0,0.59,0.59,0.59,0.38,0.07,0.46,0.38,0.46,Matches
291,Mario Lemina,ga GAB,MF,Wolves,30-046,1993,8,8,706,7.8,0,0,0,0,0,0,6,1,1,1,0,1,4,20,6,0,0,0,0,0,0.13,0.01,0.13,0.13,0.13,Matches
292,Shandon Baptiste,gd GRN,MF,Brentford,25-192,1998,1,0,19,0.2,0,0,0,0,0,0,0,0,0,0,0,0,0,0,0,0,0,0,0,0,0,0,0,0,0,Matches
293,Jeffrey Schlupp,gh GHA,"FW,MF",Crystal Palace,30-298,1992,8,8,564,6.3,0,0,0,0,0,0,0,0,0.4,0.4,0.6,1.1,5,15,17,0,0,0,0,0,0.07,0.1,0.17,0.07,0.17,Matches
294,Thomas Partey,gh GHA,"DF,MF",Arsenal,30-126,1993,4,3,251,2.8,0,0,0,0,0,0,0,0,0.1,0.1,0.1,0.2,10,33,4,0,0,0,0,0,0.03,0.04,0.06,0.03,0.06,Matches
295,Tariq Lamptey,gh GHA,"DF,FW",Brighton,23-017,2000,4,1,139,1.5,0,2,2,0,0,0,2,0,0,0,0.4,0.4,11,6,3,0,1.29,1.29,0,1.29,0.01,0.25,0.26,0.01,0.26,Matches
296,Jordan Ayew,gh GHA,"FW,MF",Crystal Palace,32-036,1991,8,8,654,7.3,0,2,2,0,0,0,2,0,1.3,1.3,1.1,2.4,24,16,57,0,0.28,0.28,0,0.28,0.18,0.15,0.33,0.18,0.33,Matches
297,Antoine Semenyo,gh GHA,"FW,MF",Bournemouth,23-283,2000,6,3,257,2.9,1,0,1,1,0,0,1,0,0.7,0.7,0.2,0.9,10,6,17,0.35,0,0.35,0.35,0.35,0.24,0.08,0.32,0.24,0.32,Matches
298,Kudus Mohammed,gh GHA,"FW,MF",West Ham,23-076,2000,5,0,76,0.8,1,0,1,1,0,0,0,0,0,0,0,0.1,4,4,4,1.18,0,1.18,1.18,1.18,0.06,0.04,0.1,0.06,0.1,Matches
299,Kostas Tsimikas,gr GRE,MF,Liverpool,27-158,1996,1,0,5,0.1,0,0,0,0,0,0,0,0,0,0,0,0,1,1,2,0,0,0,0,0,0,0,0,0,0,Matches
300,Konstantinos Mavropanos,gr GRE,DF,West Ham,25-310,1997,1,0,1,0,0,0,0,0,0,0,0,0,0,0,0,0,0,0,0,0,0,0,0,0,0,0,0,0,0,Matches
301,George Baldock,gr GRE,"DF,MF",Sheffield Utd,30-222,1993,3,3,250,2.8,0,0,0,0,0,0,1,0,0,0,0.2,0.2,2,6,12,0,0,0,0,0,0,0.06,0.06,0,0.06,Matches
302,Beto,gw GNB,FW,Everton,25-259,1998,5,3,256,2.8,0,0,0,0,0,0,0,0,1.5,1.5,0.3,1.7,4,6,19,0,0,0,0,0,0.52,0.09,0.61,0.52,0.61,Matches
303,Ivan Perišić,hr CRO,FW,Tottenham,34-257,1989,5,0,103,1.1,0,1,1,0,0,0,2,0,0.1,0.1,0.9,1,15,9,17,0,0.87,0.87,0,0.87,0.1,0.75,0.85,0.1,0.85,Matches
304,Mateo Kovačić,hr CRO,MF,Manchester City,29-164,1994,6,5,457,5.1,0,0,0,0,0,0,2,0,0.2,0.2,0.7,0.9,12,29,13,0,0,0,0,0,0.04,0.14,0.18,0.04,0.18,Matches
305,Joško Gvardiol,hr CRO,DF,Manchester City,21-267,2002,6,5,461,5.1,0,0,0,0,0,0,1,0,0.2,0.2,0.6,0.8,11,25,10,0,0,0,0,0,0.03,0.12,0.15,0.03,0.15,Matches
306,Milos Kerkez,hu HUN,DF,Bournemouth,19-344,2003,8,8,671,7.5,0,0,0,0,0,0,1,0,0.1,0.1,0.1,0.1,14,12,29,0,0,0,0,0,0.01,0.01,0.02,0.01,0.02,Matches
307,Dominik Szoboszlai,hu HUN,MF,Liverpool,22-357,2000,8,8,720,8,1,0,1,1,0,0,1,0,0.6,0.6,1.6,2.1,13,55,38,0.12,0,0.12,0.12,0.12,0.07,0.2,0.27,0.07,0.27,Matches
308,Chiedozie Ogbene,ie IRL,"MF,FW",Luton Town,26-169,1997,8,4,419,4.7,0,0,0,0,0,0,0,0,0.4,0.4,0.4,0.8,31,9,32,0,0,0,0,0,0.09,0.08,0.17,0.09,0.17,Matches
309,Dara O'Shea,ie IRL,DF,Burnley,24-227,1999,4,3,315,3.5,0,0,0,0,0,0,0,0,0,0,0,0.1,1,11,0,0,0,0,0,0,0.01,0.01,0.02,0.01,0.02,Matches
310,John Egan,ie IRL,DF,Sheffield Utd,30-362,1992,6,6,482,5.4,0,0,0,0,0,0,2,0,0.2,0.2,0,0.2,0,5,1,0,0,0,0,0,0.03,0,0.03,0.03,0.03,Matches
311,Matt Doherty,ie IRL,"MF,FW",Wolves,31-274,1992,4,0,138,1.5,0,0,0,0,0,0,0,0,0.1,0.1,0.1,0.2,1,1,4,0,0,0,0,0,0.08,0.07,0.14,0.08,0.14,Matches
312,Josh Cullen,ie IRL,MF,Burnley,27-193,1996,8,8,690,7.7,0,1,1,0,0,0,3,0,0.1,0.1,0.6,0.7,4,34,9,0,0.13,0.13,0,0.13,0.01,0.07,0.09,0.01,0.09,Matches
313,Nathan Collins,ie IRL,DF,Brentford,22-170,2001,8,7,640,7.1,0,1,1,0,0,0,2,0,0.3,0.3,0.8,1.1,3,26,4,0,0.14,0.14,0,0.14,0.05,0.11,0.16,0.05,0.16,Matches
314,Thomas Cannon,ie IRL,FW,Everton,20-293,2002,1,0,1,0,0,0,0,0,0,0,0,0,0,0,0,0,0,0,0,0,0,0,0,0,0,0,0,0,0,Matches
315,Evan Ferguson,ie IRL,FW,Brighton,18-363,2004,8,5,362,4,4,0,4,4,0,0,0,0,2.5,2.5,0.4,2.9,4,7,14,0.99,0,0.99,0.99,0.99,0.62,0.1,0.72,0.62,0.72,Matches
316,Manor Solomon,il ISR,FW,Tottenham,24-085,1999,5,2,199,2.2,0,2,2,0,0,0,1,0,0.4,0.4,0.8,1.2,17,11,44,0,0.9,0.9,0,0.9,0.19,0.38,0.56,0.19,0.56,Matches
317,Saman Ghoddos,ir IRN,"DF,MF",Brentford,30-041,1993,3,0,48,0.5,0,0,0,0,0,0,1,0,0,0,0.3,0.3,4,6,1,0,0,0,0,0,0,0.61,0.61,0,0.61,Matches
318,Jóhann Berg Guðmundsson,is ISL,"FW,MF",Burnley,32-355,1990,4,3,171,1.9,0,1,1,0,0,0,1,0,0,0,0.2,0.2,2,13,11,0,0.53,0.53,0,0.53,0,0.12,0.12,0,0.12,Matches
319,Nicolò Zaniolo,it ITA,"FW,MF",Aston Villa,24-107,1999,6,3,259,2.9,0,0,0,0,0,0,1,0,0.6,0.6,0.6,1.2,11,10,20,0,0,0,0,0,0.2,0.22,0.42,0.2,0.42,Matches
320,Guglielmo Vicario,it ITA,GK,Tottenham,27-010,1996,8,8,720,8,0,0,0,0,0,0,1,0,0,0,0,0,0,0,0,0,0,0,0,0,0,0,0,0,0,Matches
321,Destiny Udogie,it ITA,DF,Tottenham,20-323,2002,8,8,673,7.5,0,2,2,0,0,0,3,0,0.1,0.1,0.7,0.8,24,42,41,0,0.27,0.27,0,0.27,0.01,0.1,0.11,0.01,0.11,Matches
322,Emerson Palmieri,it ITA,DF,West Ham,29-075,1994,8,8,720,8,0,1,1,0,0,0,4,0,0.1,0.1,1.6,1.7,14,23,21,0,0.12,0.12,0,0.12,0.01,0.2,0.21,0.01,0.21,Matches
323,Angelo Ogbonna,it ITA,DF,West Ham,35-147,1988,2,1,112,1.2,0,0,0,0,0,0,0,0,0,0,0,0,0,1,0,0,0,0,0,0,0,0,0,0,0,Matches
324,Luca Koleosho,it ITA,"FW,MF",Burnley,19-032,2004,8,7,502,5.6,0,1,1,0,0,0,0,0,0.3,0.3,1.1,1.4,31,10,47,0,0.18,0.18,0,0.18,0.06,0.19,0.25,0.06,0.25,Matches
325,Jorginho,it ITA,MF,Arsenal,31-301,1991,6,1,149,1.7,0,0,0,0,0,0,1,0,0,0,0,0,2,15,0,0,0,0,0,0,0,0,0,0,0,Matches
326,Sandro Tonali,it ITA,MF,Newcastle Utd,23-162,2000,7,5,416,4.6,1,0,1,1,0,0,2,0,0.7,0.7,0.6,1.3,10,16,21,0.22,0,0.22,0.22,0.22,0.14,0.14,0.28,0.14,0.28,Matches
327,Ethan Pinnock,jm JAM,DF,Brentford,30-141,1993,8,8,720,8,0,0,0,0,0,0,0,0,0.8,0.8,0.9,1.7,4,25,5,0,0,0,0,0,0.11,0.11,0.22,0.11,0.22,Matches
328,Amari'i Bell,jm JAM,DF,Luton Town,29-165,1994,7,7,560,6.2,0,0,0,0,0,0,0,0,0.2,0.2,0,0.3,6,20,3,0,0,0,0,0,0.04,0,0.04,0.04,0.04,Matches
329,Bobby Reid,jm JAM,FW,Fulham,30-257,1993,7,5,436,4.8,2,0,2,2,0,0,1,0,2.5,2.5,0.1,2.6,15,13,26,0.41,0,0.41,0.41,0.41,0.52,0.03,0.55,0.52,0.55,Matches
330,Leon Bailey,jm JAM,"FW,MF",Aston Villa,26-069,1997,6,2,212,2.4,2,1,3,2,0,0,1,0,1.1,1.1,1,2.1,12,8,19,0.85,0.42,1.27,0.85,1.27,0.46,0.41,0.87,0.46,0.87,Matches
331,Michail Antonio,jm JAM,FW,West Ham,33-203,1990,8,8,593,6.6,2,1,3,2,0,0,2,0,1.1,1.1,0.6,1.6,15,9,26,0.3,0.15,0.46,0.3,0.46,0.16,0.09,0.25,0.16,0.25,Matches
332,Takehiro Tomiyasu,jp JPN,DF,Arsenal,24-346,1998,6,1,171,1.9,0,0,0,0,0,0,2,1,0,0,0,0,1,10,6,0,0,0,0,0,0.01,0,0.01,0.01,0.01,Matches
333,Wataru Endo,jp JPN,MF,Liverpool,30-250,1993,5,1,110,1.2,0,0,0,0,0,0,0,0,0,0,0,0,0,5,1,0,0,0,0,0,0,0,0,0,0,Matches
334,Kaoru Mitoma,jp JPN,FW,Brighton,26-150,1997,8,7,665,7.4,3,3,6,3,0,0,3,0,1.9,1.9,1.5,3.4,47,18,93,0.41,0.41,0.81,0.41,0.81,0.26,0.2,0.46,0.26,0.46,Matches
335,Hwang Hee-chan,kr KOR,"FW,MF",Wolves,27-264,1996,8,5,414,4.6,5,0,5,5,0,0,2,0,1.2,1.2,0.6,1.8,11,12,22,1.09,0,1.09,1.09,1.09,0.27,0.13,0.4,0.27,0.4,Matches
336,Son Heung-min,kr KOR,FW,Tottenham,31-101,1992,8,8,625,6.9,6,0,6,6,0,0,0,0,3.2,3.2,1.8,4.9,17,30,69,0.86,0,0.86,0.86,0.86,0.46,0.26,0.71,0.46,0.71,Matches
337,Anass Zaroury,ma MAR,"FW,MF",Burnley,22-344,2000,3,0,60,0.7,0,0,0,0,0,0,0,1,0.1,0.1,0,0.2,1,0,5,0,0,0,0,0,0.2,0.06,0.26,0.2,0.26,Matches
338,Sofyan Amrabat,ma MAR,"DF,MF",Manchester Utd,27-057,1996,3,2,178,2,0,0,0,0,0,0,1,0,0,0,0.1,0.1,2,27,3,0,0,0,0,0,0,0.05,0.05,0,0.05,Matches
339,Nayef Aguerd,ma MAR,DF,West Ham,27-201,1996,7,7,606,6.7,1,0,1,1,0,0,2,1,0.7,0.7,0,0.8,2,13,0,0.15,0,0.15,0.15,0.15,0.11,0,0.11,0.11,0.11,Matches
340,Boubacar Traoré,ml MLI,"MF,FW",Wolves,22-058,2001,5,0,96,1.1,0,0,0,0,0,0,0,0,0,0,0,0,1,4,3,0,0,0,0,0,0,0.02,0.02,0,0.02,Matches
341,Cheick Doucouré,ml MLI,MF,Crystal Palace,23-282,2000,7,7,629,7,0,0,0,0,0,0,2,0,0.1,0.1,0.4,0.5,7,35,2,0,0,0,0,0,0.02,0.06,0.08,0.02,0.08,Matches
342,Yves Bissouma,ml MLI,MF,Tottenham,27-048,1996,8,8,656,7.3,0,0,0,0,0,0,6,1,0.8,0.8,0.3,1.1,25,62,5,0,0,0,0,0,0.11,0.03,0.15,0.11,0.15,Matches
343,Abdoulaye Doucouré,ml MLI,"FW,MF",Everton,30-289,1993,8,8,676,7.5,3,0,3,3,0,0,1,0,3.1,3.1,1.6,4.7,19,26,43,0.4,0,0.4,0.4,0.4,0.42,0.21,0.62,0.42,0.62,Matches
344,Raúl Jiménez,mx MEX,FW,Fulham,32-165,1991,7,7,503,5.6,0,0,0,0,0,0,1,0,0.7,0.7,0.7,1.4,5,5,31,0,0,0,0,0,0.12,0.13,0.25,0.12,0.25,Matches
345,Edson Álvarez,mx MEX,MF,West Ham,25-358,1997,7,6,501,5.6,0,0,0,0,0,0,4,0,0.2,0.2,0.1,0.3,0,9,5,0,0,0,0,0,0.04,0.01,0.05,0.04,0.05,Matches
346,Frank Onyeka,ng NGA,MF,Brentford,25-289,1998,6,0,132,1.5,0,0,0,0,0,0,1,0,0.3,0.3,0.9,1.2,2,7,11,0,0,0,0,0,0.21,0.62,0.83,0.21,0.83,Matches
347,Alex Iwobi,ng NGA,"MF,FW",Fulham,27-167,1996,4,1,160,1.8,0,0,0,0,0,0,0,0,0.4,0.4,0.2,0.6,6,14,10,0,0,0,0,0,0.21,0.11,0.31,0.21,0.31,Matches
348,Alex Iwobi,ng NGA,MF,Everton,27-167,1996,2,2,140,1.6,0,0,0,0,0,0,0,0,0.3,0.3,0.2,0.5,6,4,8,0,0,0,0,0,0.21,0.14,0.35,0.21,0.35,Matches
349,Calvin Bassey,ng NGA,DF,Fulham,23-290,1999,4,1,127,1.4,0,0,0,0,0,0,2,1,0,0,0,0,1,2,1,0,0,0,0,0,0,0,0,0,0,Matches
350,Ola Aina,ng NGA,"DF,MF",Nott'ham Forest,27-009,1996,5,5,397,4.4,0,0,0,0,0,0,3,0,0,0,0,0.1,9,11,4,0,0,0,0,0,0.01,0.01,0.02,0.01,0.02,Matches
351,Taiwo Awoniyi,ng NGA,FW,Nott'ham Forest,26-066,1997,7,6,488,5.4,3,2,5,3,0,0,1,0,2.3,2.3,0.8,3.1,5,7,22,0.55,0.37,0.92,0.55,0.92,0.43,0.14,0.57,0.43,0.57,Matches
352,Oliver Norwood,nir NIR,MF,Sheffield Utd,32-188,1991,7,6,521,5.8,0,0,0,0,0,0,2,0,0.1,0.1,0.4,0.5,0,22,2,0,0,0,0,0,0.02,0.07,0.08,0.02,0.08,Matches
353,Jonny Evans,nir NIR,DF,Manchester Utd,35-287,1988,3,2,185,2.1,0,1,1,0,0,0,0,0,0,0,0.1,0.1,0,6,0,0,0.49,0.49,0,0.49,0,0.06,0.06,0,0.06,Matches
354,Bart Verbruggen,nl NED,GK,Brighton,21-060,2002,4,4,360,4,0,0,0,0,0,0,0,0,0,0,0,0,0,0,0,0,0,0,0,0,0,0,0,0,0,Matches
355,Joël Veltman,nl NED,DF,Brighton,31-275,1992,8,5,515,5.7,0,1,1,0,0,0,1,0,0.1,0.1,0.4,0.4,6,18,11,0,0.17,0.17,0,0.17,0.01,0.06,0.08,0.01,0.08,Matches
356,Virgil van Dijk,nl NED,DF,Liverpool,32-101,1991,6,6,477,5.3,0,2,2,0,0,0,1,1,0.6,0.6,0.9,1.5,2,13,1,0,0.38,0.38,0,0.38,0.1,0.18,0.28,0.1,0.28,Matches
357,Jurriën Timber,nl NED,DF,Arsenal,22-122,2001,1,1,49,0.5,0,0,0,0,0,0,1,0,0,0,0,0,0,7,3,0,0,0,0,0,0,0,0,0,0,Matches
358,Kenny Tete,nl NED,DF,Fulham,28-008,1995,5,5,427,4.7,0,0,0,0,0,0,2,0,0.2,0.2,0.1,0.3,11,24,27,0,0,0,0,0,0.04,0.01,0.05,0.04,0.05,Matches
359,Jaïro Riedewald,nl NED,"MF,FW",Crystal Palace,27-038,1996,2,1,87,1,0,0,0,0,0,0,0,0,0,0,0,0,1,3,0,0,0,0,0,0,0,0,0,0,0,Matches
360,Ian Maatsen,nl NED,"FW,MF",Chelsea,21-221,2002,6,0,89,1,0,0,0,0,0,0,1,0,0.4,0.4,0.1,0.5,4,3,8,0,0,0,0,0,0.42,0.1,0.52,0.42,0.52,Matches
361,Justin Kluivert,nl NED,FW,Bournemouth,24-165,1999,7,4,337,3.7,0,0,0,0,0,0,0,0,0.4,0.4,0.2,0.6,10,13,25,0,0,0,0,0,0.1,0.06,0.16,0.1,0.16,Matches
362,Jan Paul van Hecke,nl NED,DF,Brighton,23-131,2000,4,3,298,3.3,0,0,0,0,0,0,1,0,0,0,0,0,1,13,0,0,0,0,0,0,0,0,0,0,0,Matches
363,Ryan Gravenberch,nl NED,MF,Liverpool,21-154,2002,4,0,71,0.8,0,0,0,0,0,0,0,0,0.7,0.7,0,0.7,3,6,7,0,0,0,0,0,0.87,0,0.87,0.87,0.87,Matches
364,Mark Flekken,nl NED,GK,Brentford,30-126,1993,7,7,630,7,0,0,0,0,0,0,1,0,0,0,0,0,0,1,0,0,0,0,0,0,0,0,0,0,0,Matches
365,Tahith Chong,nl NED,MF,Luton Town,23-317,1999,6,4,365,4.1,0,0,0,0,0,0,2,0,0.3,0.3,0,0.3,7,14,14,0,0,0,0,0,0.07,0.01,0.08,0.07,0.08,Matches
366,Donny van de Beek,nl NED,DF,Manchester Utd,26-182,1997,1,0,3,0,0,0,0,0,0,0,0,0,0,0,0.1,0.2,0,0,1,0,0,0,0,0,1.09,4.44,5.54,1.09,5.54,Matches
367,Micky van de Ven,nl NED,DF,Tottenham,22-181,2001,8,8,719,8,1,0,1,1,0,0,1,0,0.3,0.3,0,0.3,7,23,1,0.13,0,0.13,0.13,0.13,0.03,0,0.03,0.03,0.03,Matches
368,Arnaut Danjuma,nl NED,"FW,MF",Everton,26-259,1997,7,3,362,4,1,0,1,1,0,0,0,0,1.8,1.8,0.3,2.2,13,4,27,0.25,0,0.25,0.25,0.25,0.46,0.08,0.54,0.46,0.54,Matches
369,Sven Botman,nl NED,DF,Newcastle Utd,23-278,2000,5,5,446,5,1,1,2,1,0,0,1,0,0.3,0.3,0.7,1,0,9,2,0.2,0.2,0.4,0.2,0.4,0.06,0.14,0.2,0.06,0.2,Matches
370,Nathan Aké,nl NED,DF,Manchester City,28-241,1995,7,5,462,5.1,1,0,1,1,0,0,0,0,0.8,0.8,0.5,1.4,6,28,3,0.19,0,0.19,0.19,0.19,0.16,0.11,0.26,0.16,0.26,Matches
371,Gustavo Hamer,nl NED,MF,Sheffield Utd,26-115,1997,7,7,558,6.2,2,0,2,2,0,0,1,0,0.7,0.7,0.7,1.3,7,24,15,0.32,0,0.32,0.32,0.32,0.11,0.11,0.21,0.11,0.21,Matches
372,Cody Gakpo,nl NED,"MF,FW",Liverpool,24-163,1999,7,5,320,3.6,2,0,2,2,0,0,0,0,1.9,1.9,0.2,2.1,7,16,23,0.56,0,0.56,0.56,0.56,0.52,0.06,0.58,0.52,0.58,Matches
373,Oscar Bobb,no NOR,"MF,FW",Manchester City,20-097,2003,3,0,47,0.5,0,0,0,0,0,0,0,0,0,0,0.1,0.1,3,5,2,0,0,0,0,0,0,0.12,0.12,0,0.12,Matches
374,Sander Berge,no NOR,MF,Burnley,25-245,1998,8,6,514,5.7,0,1,1,0,0,0,1,0,0.3,0.3,0.6,0.9,8,15,13,0,0.18,0.18,0,0.18,0.06,0.11,0.16,0.06,0.16,Matches
375,Kristoffer Ajer,no NOR,DF,Brentford,25-183,1998,6,3,303,3.4,0,1,1,0,0,0,0,0,0.4,0.4,1.1,1.5,6,10,9,0,0.3,0.3,0,0.3,0.12,0.34,0.46,0.12,0.46,Matches
376,Martin Ødegaard,no NOR,MF,Arsenal,24-304,1998,8,8,710,7.9,3,1,4,1,2,2,1,0,2.6,1,0.6,1.6,22,44,43,0.38,0.13,0.51,0.13,0.25,0.33,0.07,0.4,0.13,0.2,Matches
377,Erling Haaland,no NOR,FW,Manchester City,23-088,2000,8,8,708,7.9,8,1,9,7,1,2,0,0,7.9,6.3,1.6,7.9,5,5,32,1.02,0.13,1.14,0.89,1.02,1.01,0.2,1.2,0.81,1,Matches
378,Chris Wood,nz NZL,FW,Nott'ham Forest,31-314,1991,8,1,148,1.6,1,0,1,1,0,0,0,0,0.3,0.3,0.1,0.5,2,1,7,0.61,0,0.61,0.61,0.61,0.21,0.08,0.29,0.21,0.29,Matches
379,Jakub Kiwior,pl POL,DF,Arsenal,23-244,2000,2,1,92,1,0,0,0,0,0,0,0,0,0.4,0.4,0,0.4,0,8,4,0,0,0,0,0,0.41,0,0.41,0.41,0.41,Matches
380,Matty Cash,pl POL,"DF,MF",Aston Villa,26-071,1997,8,8,707,7.9,2,1,3,2,0,0,2,0,2.9,2.9,0.5,3.4,19,18,25,0.25,0.13,0.38,0.25,0.38,0.37,0.06,0.43,0.37,0.43,Matches
381,Fabio Vieira,pt POR,MF,Arsenal,23-140,2000,5,2,188,2.1,0,2,2,0,0,0,0,0,0.4,0.4,1.1,1.5,9,10,21,0,0.96,0.96,0,0.96,0.2,0.51,0.7,0.2,0.7,Matches
382,Nuno Tavares,pt POR,DF,Nott'ham Forest,23-264,2000,3,1,95,1.1,0,0,0,0,0,0,2,0,0,0,0,0,3,1,1,0,0,0,0,0,0,0,0,0,0,Matches
383,Fábio Silva,pt POR,FW,Wolves,21-090,2002,7,3,254,2.8,0,0,0,0,0,0,1,0,1,1,0.2,1.2,5,10,12,0,0,0,0,0,0.37,0.07,0.44,0.37,0.44,Matches
384,Nélson Semedo,pt POR,"DF,MF",Wolves,29-335,1993,8,8,713,7.9,0,0,0,0,0,0,4,0,0.6,0.6,0,0.6,15,29,27,0,0,0,0,0,0.08,0,0.08,0.08,0.08,Matches
385,José Sá,pt POR,GK,Wolves,30-273,1993,8,8,720,8,0,0,0,0,0,0,1,0,0,0,0,0,0,0,0,0,0,0,0,0,0,0,0,0,0,Matches
386,Matheus Nunes,pt POR,MF,Manchester City,25-051,1998,4,2,182,2,0,1,1,0,0,0,0,0,0,0,0.1,0.1,4,6,14,0,0.49,0.49,0,0.49,0,0.07,0.07,0,0.07,Matches
387,Matheus Nunes,pt POR,MF,Wolves,25-051,1998,2,2,179,2,0,0,0,0,0,0,2,1,0.1,0.1,0.1,0.2,7,8,9,0,0,0,0,0,0.04,0.05,0.09,0.04,0.09,Matches
388,Toti Gomes,pt POR,DF,Wolves,24-274,1999,5,2,251,2.8,0,0,0,0,0,0,0,0,0,0,0,0,5,6,0,0,0,0,0,0,0,0,0,0,0,Matches
389,Rúben Dias,pt POR,DF,Manchester City,26-156,1997,7,7,630,7,0,0,0,0,0,0,0,0,0.4,0.4,0,0.4,14,50,5,0,0,0,0,0,0.05,0,0.06,0.05,0.06,Matches
390,Diogo Dalot,pt POR,DF,Manchester Utd,24-213,1999,7,6,565,6.3,0,0,0,0,0,0,1,0,0.3,0.3,0.6,0.8,19,34,26,0,0,0,0,0,0.04,0.09,0.13,0.04,0.13,Matches
391,Youssef Chermiti,pt POR,FW,Everton,19-146,2004,3,0,29,0.3,0,0,0,0,0,0,1,0,0.1,0.1,0,0.1,0,1,3,0,0,0,0,0,0.17,0,0.17,0.17,0.17,Matches
392,Bernardo Silva,pt POR,"MF,FW",Manchester City,29-068,1994,5,4,374,4.2,1,1,2,1,0,0,2,0,0.4,0.4,1,1.4,21,30,30,0.24,0.24,0.48,0.24,0.48,0.08,0.25,0.34,0.08,0.34,Matches
393,João Palhinha,pt POR,MF,Fulham,28-100,1995,6,5,474,5.3,1,0,1,1,0,0,3,0,0.3,0.3,0,0.3,1,19,1,0.19,0,0.19,0.19,0.19,0.06,0,0.06,0.06,0.06,Matches
394,Pedro Neto,pt POR,"MF,FW",Wolves,23-222,2000,8,8,720,8,1,5,6,1,0,0,2,0,1.9,1.9,2.3,4.2,42,21,64,0.12,0.62,0.75,0.12,0.75,0.24,0.29,0.52,0.24,0.52,Matches
395,Diogo Jota,pt POR,"FW,MF",Liverpool,26-317,1996,7,3,287,3.2,2,0,2,2,0,0,3,1,1.4,1.4,0.3,1.8,16,4,36,0.63,0,0.63,0.63,0.63,0.45,0.1,0.56,0.45,0.56,Matches
396,Bruno Fernandes,pt POR,"MF,FW",Manchester Utd,29-039,1994,8,8,720,8,2,1,3,1,1,1,3,0,2.7,1.9,3.3,5.2,8,81,54,0.25,0.12,0.37,0.12,0.25,0.34,0.41,0.75,0.24,0.65,Matches
397,Julio César Enciso,py PAR,MF,Brighton,19-267,2004,2,1,69,0.8,0,2,2,0,0,0,1,0,0.2,0.2,0.7,0.9,5,0,5,0,2.61,2.61,0,2.61,0.26,0.96,1.22,0.26,1.22,Matches
398,Miguel Almirón,py PAR,FW,Newcastle Utd,29-249,1994,8,7,564,6.3,2,0,2,2,0,0,1,0,1.1,1.1,0.4,1.5,30,22,56,0.32,0,0.32,0.32,0.32,0.18,0.06,0.24,0.18,0.24,Matches
399,Aleksandar Mitrović,rs SRB,FW,Fulham,29-031,1994,1,0,33,0.4,0,0,0,0,0,0,0,0,0.2,0.2,0,0.2,0,1,0,0,0,0,0,0,0.44,0,0.44,0.44,0.44,Matches
400,Saša Lukić,rs SRB,MF,Fulham,27-065,1996,4,3,265,2.9,0,0,0,0,0,0,1,0,0.6,0.6,0.1,0.7,3,11,4,0,0,0,0,0,0.21,0.03,0.24,0.21,0.24,Matches
401,Nathan Patterson,sct SCO,DF,Everton,22-001,2001,7,4,390,4.3,0,1,1,0,0,0,1,0,0.3,0.3,1.1,1.4,12,15,20,0,0.23,0.23,0,0.23,0.08,0.24,0.32,0.08,0.32,Matches
402,Scott McKenna,sct SCO,DF,Nott'ham Forest,26-339,1996,5,5,416,4.6,0,0,0,0,0,0,0,0,0.2,0.2,0.2,0.4,1,10,0,0,0,0,0,0,0.05,0.04,0.08,0.05,0.08,Matches
403,Oliver McBurnie,sct SCO,FW,Sheffield Utd,27-135,1996,5,4,379,4.2,0,1,1,0,0,0,3,1,0.8,0.8,0.5,1.3,2,7,19,0,0.24,0.24,0,0.24,0.19,0.12,0.31,0.19,0.31,Matches
404,Aaron Hickey,sct SCO,DF,Brentford,21-129,2002,8,8,630,7,0,0,0,0,0,0,5,0,0.2,0.2,0.1,0.3,8,19,11,0,0,0,0,0,0.03,0.01,0.04,0.03,0.04,Matches
405,Billy Gilmour,sct SCO,MF,Brighton,22-128,2001,7,5,436,4.8,0,1,1,0,0,0,1,0,0.3,0.3,1.5,1.7,7,39,10,0,0.21,0.21,0,0.21,0.05,0.3,0.36,0.05,0.36,Matches
406,Ben Doak,sct SCO,FW,Liverpool,17-340,2005,1,0,14,0.2,0,0,0,0,0,0,0,0,0,0,0,0,0,0,0,0,0,0,0,0,0,0,0,0,0,Matches
407,Ryan Christie,sct SCO,MF,Bournemouth,28-237,1995,8,8,569,6.3,0,1,1,0,0,0,0,0,0.4,0.4,1.1,1.4,14,23,26,0,0.16,0.16,0,0.16,0.06,0.17,0.23,0.06,0.23,Matches
408,Tom Cairney,sct SCO,MF,Fulham,32-270,1991,6,2,156,1.7,0,0,0,0,0,0,0,0,0.1,0.1,0.6,0.7,2,9,5,0,0,0,0,0,0.04,0.36,0.4,0.04,0.4,Matches
409,Jacob Brown,sct SCO,"MF,FW",Luton Town,25-190,1998,8,5,435,4.8,0,0,0,0,0,0,2,0,1.5,1.5,0.6,2.1,13,6,28,0,0,0,0,0,0.31,0.12,0.43,0.31,0.43,Matches
410,Elliot Anderson,sct SCO,"MF,FW",Newcastle Utd,20-345,2002,8,4,400,4.4,0,1,1,0,0,0,0,0,0.7,0.7,0.9,1.6,14,24,31,0,0.23,0.23,0,0.23,0.17,0.2,0.36,0.17,0.36,Matches
411,Andrew Robertson,sct SCO,DF,Liverpool,29-220,1994,8,8,720,8,1,0,1,1,0,0,1,0,0.5,0.5,1,1.5,19,49,30,0.12,0,0.12,0.12,0.12,0.06,0.13,0.19,0.06,0.19,Matches
412,John McGinn,sct SCO,"FW,MF",Aston Villa,28-364,1994,8,8,657,7.3,1,1,2,1,0,0,2,0,0.9,0.9,1.1,2,8,42,22,0.14,0.14,0.27,0.14,0.27,0.12,0.15,0.27,0.12,0.27,Matches
413,Scott McTominay,sct SCO,"MF,FW",Manchester Utd,26-313,1996,5,2,187,2.1,2,0,2,2,0,0,0,0,0.4,0.4,0,0.5,3,5,6,0.96,0,0.96,0.96,0.96,0.2,0.02,0.23,0.2,0.23,Matches
414,Robin Olsen,se SWE,GK,Aston Villa,33-282,1990,1,1,90,1,0,0,0,0,0,0,0,0,0,0,0,0,0,0,0,0,0,0,0,0,0,0,0,0,0,Matches
415,Victor Lindelöf,se SWE,DF,Manchester Utd,29-092,1994,7,5,510,5.7,0,0,0,0,0,0,1,0,0.1,0.1,0.3,0.4,6,15,7,0,0,0,0,0,0.03,0.04,0.07,0.03,0.07,Matches
416,Anthony Elanga,se SWE,"FW,MF",Nott'ham Forest,21-173,2002,8,2,298,3.3,1,1,2,1,0,0,0,0,0.8,0.8,0.8,1.6,18,10,33,0.3,0.3,0.6,0.3,0.6,0.23,0.25,0.48,0.23,0.48,Matches
417,Dejan Kulusevski,se SWE,FW,Tottenham,23-175,2000,8,8,711,7.9,2,0,2,2,0,0,1,0,0.9,0.9,2.3,3.2,51,30,105,0.25,0,0.25,0.25,0.25,0.11,0.29,0.4,0.11,0.4,Matches
418,Alexander Isak,se SWE,FW,Newcastle Utd,24-026,1999,7,6,471,5.2,6,0,6,5,1,1,0,0,5.4,4.6,0.1,4.7,13,8,23,1.15,0,1.15,0.96,0.96,1.03,0.02,1.06,0.88,0.9,Matches
419,Moussa Niakhate,sn SEN,DF,Nott'ham Forest,27-223,1996,4,2,180,2,0,0,0,0,0,0,2,1,0,0,0,0,1,6,2,0,0,0,0,0,0,0,0,0,0,Matches
420,Cheikhou Kouyaté,sn SEN,MF,Nott'ham Forest,33-300,1989,6,0,63,0.7,0,0,0,0,0,0,1,0,0.1,0.1,0,0.1,0,2,1,0,0,0,0,0,0.11,0.06,0.17,0.11,0.17,Matches
421,Idrissa Gana Gueye,sn SEN,MF,Everton,34-021,1989,7,7,539,6,0,0,0,0,0,0,1,0,0.3,0.3,0.5,0.8,13,25,10,0,0,0,0,0,0.05,0.08,0.13,0.05,0.13,Matches
422,Pape Matar Sarr,sn SEN,MF,Tottenham,21-033,2002,8,7,557,6.2,1,1,2,1,0,0,2,0,1.7,1.7,0.9,2.6,11,48,23,0.16,0.16,0.32,0.16,0.32,0.27,0.14,0.41,0.27,0.41,Matches
423,Nicolas Jackson,sn SEN,FW,Chelsea,22-119,2001,7,6,554,6.2,2,0,2,2,0,0,5,0,4.1,4.1,0.5,4.6,16,10,45,0.32,0,0.32,0.32,0.32,0.66,0.08,0.75,0.66,0.75,Matches
424,Anis Ben Slimane,tn TUN,MF,Sheffield Utd,22-215,2001,3,0,48,0.5,0,0,0,0,0,0,2,0,0.1,0.1,0,0.1,0,5,8,0,0,0,0,0,0.22,0,0.22,0.22,0.22,Matches
425,Hannibal Mejbri,tn TUN,MF,Manchester Utd,20-269,2003,2,1,117,1.3,1,0,1,1,0,0,1,0,0,0,0.4,0.4,2,6,8,0.77,0,0.77,0.77,0.77,0.02,0.29,0.31,0.02,0.31,Matches
426,Oleksandr Zinchenko,ua UKR,DF,Arsenal,26-306,1996,7,5,423,4.7,0,0,0,0,0,0,0,0,0.3,0.3,0.3,0.6,10,35,9,0,0,0,0,0,0.06,0.07,0.13,0.06,0.13,Matches
427,Illia Zabarnyi,ua UKR,DF,Bournemouth,21-046,2002,8,8,720,8,0,0,0,0,0,0,1,0,0.3,0.3,0,0.3,7,24,0,0,0,0,0,0,0.03,0,0.03,0.03,0.03,Matches
428,Vitaliy Mykolenko,ua UKR,DF,Everton,24-141,1999,4,4,360,4,0,0,0,0,0,0,0,0,0.2,0.2,0.3,0.5,2,8,10,0,0,0,0,0,0.05,0.06,0.11,0.05,0.11,Matches
429,Mykhailo Mudryk,ua UKR,"FW,DF",Chelsea,22-285,2001,7,3,244,2.7,1,0,1,1,0,0,1,0,0.7,0.7,0.8,1.5,15,6,20,0.37,0,0.37,0.37,0.37,0.24,0.31,0.55,0.24,0.55,Matches
430,Matt Turner,us USA,GK,Nott'ham Forest,29-115,1994,8,8,720,8,0,0,0,0,0,0,1,0,0,0,0,0,0,0,0,0,0,0,0,0,0,0,0,0,0,Matches
431,Auston Trusty,us USA,DF,Sheffield Utd,25-066,1998,3,1,107,1.2,0,0,0,0,0,0,0,0,0,0,0,0,0,1,0,0,0,0,0,0,0,0.03,0.03,0,0.03,Matches
432,Antonee Robinson,us USA,DF,Fulham,26-070,1997,7,7,630,7,0,0,0,0,0,0,1,0,0,0,0.6,0.7,19,25,24,0,0,0,0,0,0.01,0.09,0.09,0.01,0.09,Matches
433,Chris Richards,us USA,"DF,MF",Crystal Palace,23-203,2000,3,1,109,1.2,0,0,0,0,0,0,0,0,0,0,0,0,0,0,0,0,0,0,0,0,0,0,0,0,0,Matches
434,Tim Ream,us USA,DF,Fulham,36-012,1987,7,7,603,6.7,1,0,1,1,0,0,3,1,1,1,0,1,10,34,2,0.15,0,0.15,0.15,0.15,0.14,0,0.14,0.14,0.14,Matches
435,Facundo Pellistri,uy URU,"FW,MF",Manchester Utd,21-301,2001,4,1,86,1,0,0,0,0,0,0,0,0,0.4,0.4,0,0.4,4,3,20,0,0,0,0,0,0.46,0,0.46,0.46,0.46,Matches
436,Darwin Núñez,uy URU,FW,Liverpool,24-115,1999,7,3,313,3.5,3,2,5,3,0,0,1,0,2.7,2.7,1,3.8,9,12,25,0.86,0.58,1.44,0.86,1.44,0.79,0.29,1.08,0.79,1.08,Matches
437,Harry Wilson,wls WAL,FW,Fulham,26-209,1997,8,6,488,5.4,0,0,0,0,0,0,0,0,0.3,0.3,0.4,0.8,8,18,46,0,0,0,0,0,0.06,0.08,0.14,0.06,0.14,Matches
438,Neco Williams,wls WAL,"MF,DF",Nott'ham Forest,22-187,2001,2,1,109,1.2,0,0,0,0,0,0,0,0,0,0,0,0.1,1,2,4,0,0,0,0,0,0.02,0.03,0.04,0.02,0.04,Matches
439,Connor Roberts,wls WAL,DF,Burnley,28-024,1995,8,7,657,7.3,0,1,1,0,0,0,2,0,0,0,0.2,0.2,6,36,8,0,0.14,0.14,0,0.14,0,0.03,0.03,0,0.03,Matches
440,Kieffer Moore,wls WAL,"FW,MF",Bournemouth,31-070,1992,4,0,82,0.9,0,0,0,0,0,0,0,0,0.5,0.5,0.2,0.7,1,3,12,0,0,0,0,0,0.53,0.24,0.77,0.53,0.77,Matches
441,Chris Mepham,wls WAL,DF,Bournemouth,25-346,1997,2,0,35,0.4,0,0,0,0,0,0,1,0,0,0,0,0,1,2,0,0,0,0,0,0,0,0.05,0.05,0,0.05,Matches
442,Brennan Johnson,wls WAL,"FW,MF",Nott'ham Forest,22-147,2001,3,3,237,2.6,0,0,0,0,0,0,0,0,0.3,0.3,0.2,0.5,8,1,14,0,0,0,0,0,0.12,0.08,0.21,0.12,0.21,Matches
443,Brennan Johnson,wls WAL,FW,Tottenham,22-147,2001,2,1,73,0.8,0,0,0,0,0,0,0,0,0.6,0.6,0.1,0.7,5,0,10,0,0,0,0,0,0.72,0.1,0.82,0.72,0.82,Matches
444,Luke Harris,wls WAL,MF,Fulham,18-197,2005,1,0,75,0.8,0,0,0,0,0,0,0,0,0.3,0.3,0,0.3,0,1,0,0,0,0,0,0,0.33,0,0.33,0.33,0.33,Matches
445,Ben Davies,wls WAL,DF,Tottenham,30-176,1993,4,0,47,0.5,0,0,0,0,0,0,0,0,0.6,0.6,0,0.6,0,6,2,0,0,0,0,0,1.07,0,1.07,1.07,1.07,Matches
446,Tom Lockyer,wls WAL,DF,Luton Town,28-318,1994,7,7,585,6.5,1,0,1,1,0,0,2,0,0.8,0.8,0,0.8,3,23,1,0.15,0,0.15,0.15,0.15,0.12,0.01,0.12,0.12,0.12,Matches
447,David Brooks,wls WAL,"FW,MF",Bournemouth,26-101,1997,7,1,173,1.9,1,0,1,1,0,0,1,0,1.5,1.5,0.4,1.9,5,13,15,0.52,0,0.52,0.52,0.52,0.76,0.23,0.99,0.76,0.99,Matches
448,Lyle Foster,za RSA,"FW,MF",Burnley,23-044,2000,6,6,517,5.7,3,2,5,3,0,0,0,1,1.6,1.6,0.2,1.8,15,6,24,0.52,0.35,0.87,0.52,0.87,0.27,0.04,0.31,0.27,0.31,Matches
449,Marvelous Nakamba,zw ZIM,MF,Luton Town,29-271,1994,8,8,720,8,0,0,0,0,0,0,3,0,0.2,0.2,0.4,0.6,0,27,4,0,0,0,0,0,0.02,0.05,0.07,0.02,0.07,Matches